system:index,DEM,Moisture,NBR,NDVI,NDWI,PRE_ANUAL,SR_B1,SR_B2,SR_B3,SR_B4,SR_B5,SR_B6,SR_B7,SWIR,class,slope,year,LON,
0_0_0,953,0.2884368,0.570139,0.7485153,-0.68186665,2368,0.0266275,0.0293225,0.0570425,0.0464825,0.292305,0.168775,0.08435,0.168775,0,7.858485,2013,-96.86349554,19.12859091
0_1_0,563,0.38348374,0.6966116,0.86872685,-0.7713742,2056,0.0294325,0.028305,0.04596,0.02682,0.33834,0.1494975,0.0693075,0.1494975,0,4.0236025,2013,-96.85325475,18.92862593
0_2_0,1307,0.3757648,0.6468579,0.8145192,-0.73347694,2269,0.01813,0.0245375,0.053,0.0361975,0.3845125,0.1741925,0.079675,0.1741925,0,13.412151,2013,-97.02627027,19.3932346
0_3_0,1352,0.1708317,0.34005043,0.5640985,-0.53746414,2141,0.045135,0.05344,0.0799225,0.075495,0.25991,0.184065,0.13088,0.184065,0,7.4478035,2013,-97.10900511,18.8900882
0_4_0,2279,0.3279535,0.6291192,0.84203064,-0.7397416,2598,0.01817125,0.01960125,0.04638625,0.0261875,0.29515125,0.15256375,0.06780875,0.15256375,0,53.403458,2013,-97.09984229,18.77339705
0_5_0,2603,-0.002772803,0.033570845,0.12776327,-0.21220534,718,0.0642475,0.0815175,0.111795,0.1411375,0.1932225,0.1842025,0.17466,0.1842025,0,13.055937,2013,-97.44668182,19.0795429
0_6_0,1104,0.41587082,0.6632049,0.7919836,-0.6785921,2067,0.02451,0.02715,0.05641,0.0394975,0.2644475,0.147215,0.0721675,0.147215,0,2.7802885,2013,-96.98611558,18.94129218
0_7_0,2636,-0.0294847,0.03721041,0.19660366,-0.3091499,651,0.0512125,0.06499,0.0995575,0.114875,0.2124175,0.198585,0.16553,0.198585,0,6.5377045,2013,-97.40086774,19.11754163
0_8_0,1296,-0.013884621,0.06528371,0.2704142,-0.3057341,2141,0.0902625,0.09561125,0.11955,0.13072875,0.20792125,0.22436625,0.18993625,0.22436625,0,4.329215,2013,-97.10011179,18.875266
0_9_0,1376,0.35486603,0.62917084,0.82311714,-0.7390221,2269,0.0266,0.0304225,0.05982,0.0352625,0.4180075,0.2026,0.0887225,0.2026,0,9.640654,2013,-97.02195836,19.38865319
0_10_0,2616,-0.03164278,0.0714614,0.25434953,-0.33510673,689,0.0501125,0.0621025,0.0918575,0.104755,0.2235,0.20909,0.1576375,0.20909,0,2.1697288,2013,-97.45018525,19.06606817
0_11_0,2425,-0.054468207,0.025538012,0.17811538,-0.28584757,782,0.0625425,0.07707625,0.11658,0.13807125,0.21177125,0.231255,0.185165,0.231255,0,6.131492,2013,-97.39520836,19.22129705
0_12_0,2361,0.3252869,0.6165014,0.83202124,-0.7684069,1800,0.0172225,0.0174975,0.0376,0.026325,0.2871075,0.144905,0.0681525,0.144905,0,21.400375,2013,-97.12140186,19.40051095
0_13_0,2443,0.10708252,0.18914324,0.28782052,-0.32706675,829,0.05405875,0.06653,0.1027475,0.11788625,0.21124875,0.17417875,0.1525225,0.17417875,0,4.9762125,2013,-97.44183092,18.90194597
0_14_0,2092,0.030337162,0.12852208,0.3884172,-0.42089418,1824,0.07977125,0.0951025,0.134015,0.1454275,0.365345,0.323765,0.2594975,0.323765,0,14.611754,2013,-97.15562767,18.77663098
0_15_0,1079,0.4044027,0.67743623,0.8787517,-0.7832236,2411,0.01352375,0.01923,0.046785,0.02438625,0.39560875,0.1808475,0.08089875,0.1808475,0,18.038465,2013,-96.83358164,18.98441131
0_16_0,844,0.40761295,0.71515924,0.878387,-0.7445717,1873,0.02528,0.02218625,0.0427425,0.02015125,0.31327375,0.13097625,0.04921875,0.13097625,0,5.8807077,2013,-96.840858,19.2040494
0_17_0,2392,-0.01723214,0.0633334,0.18370205,-0.28149277,872,0.07091625,0.09156875,0.13523875,0.16608,0.2308425,0.24331375,0.20896625,0.24331375,0,2.700739,2013,-97.3480468,19.31912358
0_18_0,2449,0.24932076,0.5121184,0.7534114,-0.6879658,1783,0.019835,0.026875,0.059215,0.047005,0.299235,0.195505,0.0992825,0.195505,0,16.373903,2013,-97.16640745,19.37463947
0_19_0,735,0.3300786,0.5743828,0.7552021,-0.6606997,2449,0.03078,0.03188,0.06026,0.03969,0.3401825,0.1632475,0.0797025,0.1632475,0,3.0795364,2013,-96.95135078,18.82136709
0_20_0,803,0.18797447,0.3849661,0.5758518,-0.52173644,2449,0.0454925,0.04629,0.072745,0.067575,0.25936,0.1917375,0.11944,0.1917375,0,1.8543341,2013,-96.9950089,18.83996221
0_21_0,939,0.40315366,0.71231663,0.8816607,-0.8015198,2004,0.0207975,0.01841875,0.0383975,0.021595,0.3471675,0.149415,0.058665,0.149415,0,16.53164,2013,-96.86214807,19.2439346
0_22_0,2284,0.38856864,0.6803733,0.8991104,-0.80565023,1760,0.01082875,0.01055375,0.03134375,0.01665875,0.33893125,0.1458125,0.05997125,0.1458125,0,20.376402,2013,-97.15670565,19.34014416
0_23_0,1280,0.32980275,0.61594355,0.7370378,-0.6241597,2577,0.0245375,0.028085,0.06202,0.0407075,0.24297,0.14122,0.06796,0.14122,0,5.382144,2013,-97.07801323,18.88712376
0_24_0,2545,0.02701078,0.096060336,0.25589535,-0.36145288,1223,0.03612875,0.04849,0.08447375,0.0958725,0.18273125,0.16172125,0.1342625,0.16172125,0,1.8543341,2013,-97.33969247,18.87796095
0_25_0,2490,-0.061331615,0.014884431,0.24007185,-0.30800286,780,0.07306125,0.08727875,0.11691,0.1314025,0.21371,0.23938125,0.19815875,0.23938125,0,0.92740995,2013,-97.37984717,19.25821781
0_26_0,798,0.33896327,0.6466698,0.78889817,-0.6848316,2851,0.0223925,0.02446875,0.057235,0.03535875,0.29902875,0.144465,0.062955,0.144465,0,2.0969002,2013,-97.01764644,18.80250246
0_27_0,1046,0.35886097,0.6594583,0.86138177,-0.7699376,2430,0.0254175,0.0239875,0.046015,0.02562375,0.3295675,0.16669875,0.07259375,0.16669875,0,18.951492,2013,-96.82900023,18.94398712
0_28_0,1347,0.35263127,0.6843189,0.857657,-0.71714574,2598,0.0230525,0.01923,0.0290475,0.0150775,0.1810125,0.0855325,0.0356475,0.0855325,0,46.6696,2013,-97.039745,18.88200337
0_29_0,1192,0.3430981,0.61866874,0.83190084,-0.7395814,2627,0.0288825,0.02870375,0.05576375,0.03216875,0.373265,0.18842375,0.0886675,0.18842375,0,17.08254,2013,-96.85217677,19.02564398
0_30_0,2469,0.1684919,0.30855414,0.525876,-0.54644537,1011,0.0346575,0.0413675,0.0685375,0.07731,0.28235,0.1695175,0.128845,0.1695175,0,1.8543341,2013,-97.35101124,18.85289795
0_31_0,2812,0.22011517,0.43317235,0.64370066,-0.6311196,1353,0.019065,0.02367125,0.04410375,0.04245375,0.19851625,0.120485,0.075,0.120485,0,11.60724,2013,-97.23782352,19.39889398
0_32_0,2306,0.17696343,0.46850762,0.65820086,-0.62186766,2012,0.0331725,0.042495,0.0814075,0.08028,0.3873175,0.27194125,0.141165,0.27194125,0,20.10919,2013,-97.13730204,19.37868189
0_33_0,1225,0.36905983,0.6701731,0.87625307,-0.779097,2627,0.02534875,0.02400125,0.04369125,0.02468875,0.36560625,0.16598375,0.069775,0.16598375,0,14.649604,2013,-96.85837514,19.03022539
0_34_0,1858,0.41104993,0.70559394,0.89773816,-0.8025853,2183,0.0184325,0.01723625,0.03436875,0.01789625,0.31728875,0.132585,0.0570975,0.132585,0,36.09218,2013,-97.11304753,18.78148189
0_35_0,2621,0.07438567,0.15605684,0.3463107,-0.39220718,694,0.04080375,0.0568775,0.09189875,0.10382,0.2044975,0.1905825,0.16147375,0.1905825,0,4.02876,2013,-97.38658453,19.1539234
0_36_0,1226,0.40083548,0.6991025,0.8935768,-0.7806625,2411,0.01998625,0.01995875,0.03769625,0.01869375,0.31755,0.13402875,0.05375625,0.13402875,0,6.269748,2013,-96.84490041,18.97120607
0_37_0,2715,-0.030738385,0.16125865,0.4458982,-0.48192352,718,0.0413675,0.04937,0.078135,0.0838,0.2235,0.2098875,0.16036,0.2098875,0,2.0976925,2013,-97.40032875,19.09140066
0_38_0,1631,0.35074642,0.6015508,0.82851285,-0.73826283,2133,0.0297075,0.02906125,0.0535775,0.03423125,0.37107875,0.18687,0.09030375,0.18687,0,24.96408,2013,-97.12086287,18.80223297
0_39_0,1492,0.35685346,0.6667777,0.8325392,-0.74836224,2141,0.0232725,0.022145,0.0412025,0.0254725,0.2368925,0.11469625,0.0539625,0.11469625,0,17.489029,2013,-97.14700384,18.87472701
0_40_0,1119,0.34183243,0.6629776,0.8450451,-0.74503285,2851,0.025555,0.022805,0.035235,0.018515,0.22383,0.1169925,0.0497825,0.1169925,0,42.890816,2013,-97.02303633,18.84481311
0_41_0,1580,0.22115476,0.5307611,0.75040877,-0.68025357,2227,0.0324575,0.04057,0.0853125,0.0636975,0.438275,0.2842475,0.13968,0.2842475,0,19.983603,2013,-97.06696395,19.39215662
0_42_0,795,0.33329067,0.61690795,0.7779028,-0.68635464,2449,0.02460625,0.02429,0.04629,0.03079375,0.24749375,0.1405325,0.063175,0.1405325,0,10.362959,2013,-96.98854103,18.81759416
0_43_0,3476,0.25009,0.49699947,0.6198063,-0.62916154,1914,0.00557625,0.01443125,0.0370775,0.0358675,0.152935,0.0921325,0.05378375,0.0921325,0,42.745678,2013,-97.24779482,19.20512737
0_44_0,2978,0.26803732,0.50369775,0.7124652,-0.6699367,1353,0.0105675,0.0169475,0.04014375,0.034135,0.2025725,0.11708875,0.06698375,0.11708875,0,15.336663,2013,-97.23189464,19.39485156
0_45_0,777,0.27730182,0.5680526,0.7174769,-0.65505785,2284,0.0316325,0.0355925,0.0662,0.0537425,0.3176325,0.176695,0.0889975,0.176695,0,2.097041,2013,-96.92467081,18.85424542
0_46_0,562,0.2775607,0.5536219,0.7207119,-0.64434475,2430,0.028965,0.0332825,0.06246,0.0488475,0.2812775,0.169655,0.09073,0.169655,0,9.709689,2013,-96.82819175,18.90437142
0_47_0,2544,0.32966587,0.6317971,0.8642216,-0.770339,1933,0.004655,0.0095775,0.040185,0.02253,0.3088875,0.15552,0.06956875,0.15552,0,33.866196,2013,-97.12059337,19.33798821
0_48_0,779,0.41791412,0.7249711,0.88170904,-0.78462267,2056,0.02870375,0.025775,0.04486,0.02279125,0.3617425,0.152605,0.05889875,0.152605,0,15.927028,2013,-96.88074319,18.93563279
0_49_0,1184,0.201374,0.3851515,0.62408227,-0.58291477,2370,0.0425775,0.0458225,0.0733775,0.06439875,0.27366,0.18064125,0.1213375,0.18064125,0,2.7802885,2013,-97.01683796,18.93967521
0_50_0,2593,-0.08178027,0.043705005,0.2874881,-0.36353675,896,0.0517075,0.06202,0.09222875,0.10674875,0.1971825,0.2238025,0.17387625,0.2238025,0,15.417577,2013,-97.46473796,18.96392972
0_51_0,1345,0.28455007,0.55889606,0.7928747,-0.7099989,1391,0.0201925,0.0251975,0.06624125,0.0406525,0.3588275,0.1941575,0.10427375,0.1941575,0,2.9472823,2013,-97.21168254,18.77636149
0_52_0,2976,-0.15909228,-0.12048484,0.2155528,-0.34528023,885,0.0471425,0.054155,0.0819025,0.095075,0.2043875,0.2420625,0.22339,0.2420625,0,6.8365803,2013,-97.36125204,19.0647207
0_53_0,900,0.30638206,0.5771418,0.8016768,-0.70214415,1967,0.0130975,0.01960125,0.05854125,0.0404875,0.3527775,0.1906925,0.0991725,0.1906925,0,6.271562,2013,-96.840858,19.19192214
0_54_0,2673,-0.035922084,0.039147466,0.27794257,-0.3847109,718,0.0457675,0.05537875,0.0801975,0.1008775,0.23476125,0.19842,0.17186875,0.19842,0,3.8318796,2013,-97.40625763,19.09786853
0_55_0,3019,0.07259171,0.22297953,0.5019858,-0.5431531,985,0.030175,0.03109625,0.04250875,0.04030875,0.18482125,0.1347025,0.0936725,0.1347025,0,5.022665,2013,-97.35936558,19.0445086
0_56_0,794,0.37829107,0.65842116,0.8237583,-0.71768683,2851,0.02616,0.028085,0.0573175,0.03518,0.343015,0.1642375,0.0714525,0.1642375,0,4.1881924,2013,-97.00363272,18.80142449
0_57_0,1317,0.36703202,0.66390014,0.8793,-0.7657034,2141,0.027315,0.0271225,0.0457675,0.021595,0.3516775,0.1667675,0.079235,0.1667675,0,12.148618,2013,-97.10334572,18.88119488
0_58_0,1490,0.24259356,0.5333826,0.7811362,-0.7011786,1824,0.02583,0.0267925,0.0432925,0.030285,0.2465725,0.150295,0.075,0.150295,0,33.463856,2013,-97.19200944,18.7809429
0_59_0,2452,-0.031632584,0.01128032,0.114956476,-0.20435484,1011,0.06136,0.075935,0.1168825,0.1415775,0.177795,0.1847525,0.1645675,0.1847525,0,8.224271,2013,-97.3830811,18.86421672
0_60_0,2900,0.18331692,0.42164743,0.58475447,-0.57145685,985,0.0193125,0.0288,0.0540725,0.051955,0.1982825,0.1368475,0.080665,0.1368475,0,3.0833282,2013,-97.3782302,19.04774254
0_61_0,1622,0.40335214,0.71135664,0.8848069,-0.7884727,2357,0.01910625,0.01857,0.0411475,0.021595,0.3593775,0.14953875,0.06076875,0.14953875,0,35.395874,2013,-96.9548542,19.01944561
0_62_0,1177,0.36887804,0.64687765,0.8040118,-0.7087918,2851,0.0273975,0.02792,0.055805,0.036335,0.3417225,0.1590675,0.0693625,0.1590675,0,27.552841,2013,-97.04378742,18.83295535
0_63_0,2645,-0.042406037,0.009432265,0.13762689,-0.24139667,718,0.0751925,0.0931225,0.13979,0.1718275,0.2182475,0.233565,0.2187975,0.233565,0,0.98133016,2013,-97.43051215,19.08331582
0_64_0,2901,0.07683151,0.29335567,0.5187696,-0.5453967,885,0.0322375,0.0374075,0.06158,0.06477,0.2124175,0.190445,0.11966,0.190445,0,3.0834687,2013,-97.37849969,19.05609687
0_65_0,836,0.28746414,0.5882433,0.805087,-0.74535674,2111,0.02490875,0.0264075,0.053385,0.03827375,0.33901375,0.19378625,0.09305375,0.19378625,0,3.832301,2013,-96.8855941,19.37410048
0_66_0,2453,-0.07607692,0.034136176,0.31780583,-0.39646474,780,0.058445,0.0639175,0.08314,0.099585,0.1857975,0.23274,0.1793625,0.23274,0,11.148261,2013,-97.38146413,19.25498387
0_67_0,2979,0.2561724,0.54154617,0.74657816,-0.70678246,1353,0.00812,0.01201125,0.0298175,0.02510125,0.17346375,0.10295375,0.0513775,0.10295375,0,20.494715,2013,-97.23243363,19.39539055
0_68_0,1123,0.37115538,0.6721427,0.85213554,-0.73793054,2953,0.02837375,0.02694375,0.053275,0.0275625,0.350825,0.166685,0.07537125,0.166685,0,9.166947,2013,-97.02061088,18.7906447
0_69_0,947,0.42190915,0.71642095,0.88610554,-0.76530534,2953,0.024455,0.0228325,0.0400475,0.017965,0.2920025,0.12857,0.0529725,0.12857,0,44.82446,2013,-97.03219915,18.7957651
0_70_0,2094,0.21594332,0.48914889,0.72403395,-0.67137426,1783,0.0214025,0.026435,0.0577575,0.0422475,0.269975,0.17763,0.0931225,0.17763,0,20.141733,2013,-97.15374121,19.35577485
0_71_0,838,0.238014,0.5103323,0.7458981,-0.68547684,1967,0.02842875,0.03150875,0.05650625,0.04508,0.31902125,0.2006475,0.10611625,0.2006475,0,43.338604,2013,-96.83250366,19.16739813
0_72_0,1391,0.23253436,0.44452554,0.6861791,-0.6449218,2141,0.04806375,0.04998875,0.0771175,0.0636975,0.35776875,0.2212725,0.1379475,0.2212725,0,4.0226126,2013,-97.13110366,18.88496781
0_73_0,858,0.3482463,0.67348653,0.8474735,-0.75005925,2953,0.02803,0.02732875,0.04930125,0.02941875,0.36395625,0.1742475,0.07346,0.1742475,0,18.011574,2013,-97.01764644,18.78525481
0_74_0,792,0.115412705,0.4263828,0.6836858,-0.58481437,2851,0.0391675,0.04112,0.072855,0.062625,0.301655,0.2317225,0.13528,0.2317225,0,6.714946,2013,-97.00686666,18.80816185
0_75_0,807,0.34748754,0.6189916,0.8356699,-0.7299031,2953,0.0233,0.0220625,0.050085,0.0293775,0.328165,0.170535,0.07346,0.170535,0,9.703417,2013,-97.00848363,18.79387864
0_76_0,2265,0.38134453,0.6731739,0.86005604,-0.77576923,1760,0.0078725,0.0121625,0.03104125,0.0185975,0.24710875,0.10372375,0.04594625,0.10372375,0,25.03702,2013,-97.16317352,19.33637124
0_77_0,753,0.28017342,0.513228,0.73144037,-0.65904856,2702,0.0298175,0.03804,0.07363875,0.05328875,0.35099,0.21778,0.117625,0.21778,0,3.4008832,2013,-96.83142568,19.04639506
0_78_0,2456,-0.04679052,0.08091056,0.37966278,-0.43179426,780,0.0626525,0.07192,0.0991725,0.11042,0.19336,0.236865,0.1823325,0.236865,0,4.7296357,2013,-97.37526576,19.2784299
0_79_0,1274,0.23435509,0.4532717,0.6414326,-0.589796,2577,0.05238125,0.061745,0.0860275,0.07088875,0.3212075,0.20360375,0.1240875,0.20360375,0,6.464861,2013,-97.06777244,18.89925102
0_80_0,2598,-0.039768133,0.011526801,0.11830942,-0.22709493,820,0.05078625,0.067245,0.1110525,0.14078,0.185825,0.19865375,0.17972,0.19865375,0,4.332597,2013,-97.45368868,19.03534579
0_81_0,2353,0.3528022,0.6478541,0.82477254,-0.7580879,1760,0.0123,0.0147475,0.0397175,0.02405625,0.2584525,0.15618,0.0707375,0.15618,0,40.111416,2013,-97.17206684,19.30618784
0_82_0,2146,0.2914239,0.5573856,0.72874117,-0.66702074,2012,0.0189,0.03045,0.0772,0.060645,0.3238475,0.191765,0.1098425,0.191765,0,21.569647,2013,-97.11035258,19.37463947
0_83_0,3002,0.04262319,0.14314707,0.3673457,-0.44342488,935,0.0445025,0.0581425,0.084735,0.10102875,0.21619875,0.19813125,0.160305,0.19813125,0,4.0250134,2013,-97.36529446,18.99060969
0_84_0,2367,0.07830758,0.17137918,0.29845867,-0.36918515,906,0.0484625,0.06318875,0.0977425,0.11453125,0.2183025,0.194185,0.15146375,0.194185,0,1.8543341,2013,-97.40032875,18.82136709
0_85_0,1482,0.04220736,0.29004893,0.59533453,-0.57507,1391,0.0277275,0.0354825,0.0645225,0.06125,0.2257825,0.229715,0.1333,0.229715,0,10.498153,2013,-97.23485908,18.77366654
0_86_0,2936,-0.16116719,-0.05410634,0.29712367,-0.3936189,985,0.03552375,0.0391125,0.06422,0.071645,0.19890125,0.21273375,0.160305,0.21273375,0,3.7047918,2013,-97.37418778,19.03777124
0_87_0,853,0.24094586,0.50282466,0.7061874,-0.65026563,2065,0.0295425,0.0342175,0.0715075,0.0539075,0.34131,0.20909,0.1130875,0.20909,0,2.1724615,2013,-96.86080059,19.31966257
0_88_0,2216,0.31483313,0.60173416,0.8229473,-0.74892515,2012,0.0195325,0.020055,0.045575,0.030065,0.3218125,0.161075,0.0760175,0.161075,0,18.212929,2013,-97.12301883,19.39269561
0_89_0,1229,0.37137103,0.6909907,0.8500837,-0.7425158,2953,0.0222275,0.0207425,0.0435675,0.023025,0.2792425,0.12494,0.05234,0.12494,0,12.590661,2013,-97.04594337,18.79226167
0_90_0,1880,0.39681494,0.7035373,0.8920615,-0.79177916,1783,0.02374,0.02198,0.0462625,0.0223925,0.386355,0.1620375,0.06928,0.1620375,0,38.63926,2013,-97.15158525,18.86691167
0_91_0,2439,-0.012747685,0.028598422,0.13953486,-0.24030222,829,0.06123625,0.075165,0.11216625,0.13286,0.19331875,0.184285,0.163605,0.184285,0,3.472957,2013,-97.44991576,18.90356293
0_92_0,2812,-0.034872986,0.08639847,0.29179925,-0.40424168,885,0.04838,0.0571525,0.0915,0.11222125,0.22843625,0.22702,0.186155,0.22702,0,7.3783154,2013,-97.38388958,19.07846492
0_93_0,1623,0.25564727,0.5013152,0.7696175,-0.69199425,2183,0.02441375,0.025665,0.0516525,0.042055,0.326075,0.20011125,0.11255125,0.20011125,0,25.617218,2013,-97.12194085,18.78821925
0_94_0,2576,-0.009548285,0.10934579,0.29443404,-0.36924705,651,0.0425775,0.0488475,0.07533,0.08183375,0.21668,0.1857425,0.14142625,0.1857425,0,3.4765105,2013,-97.41245601,19.14179615
0_95_0,583,0.32160315,0.55860317,0.768811,-0.69547987,3024,0.02253,0.0291575,0.055035,0.0439525,0.3049,0.17213,0.09227,0.17213,0,20.45236,2013,-96.82738327,18.84885553
0_96_0,1099,0.38047752,0.712134,0.88623774,-0.782003,2702,0.02114125,0.01905125,0.033805,0.017415,0.26211,0.1152325,0.04712875,0.1152325,0,15.639386,2013,-96.84031901,19.03642376
0_97_0,1607,0.4100434,0.7171547,0.88530123,-0.79217124,2183,0.02176,0.02066,0.043925,0.0223925,0.3708175,0.15409,0.064385,0.15409,0,25.183802,2013,-97.10577117,18.78687178
0_98_0,789,0.3391577,0.63761026,0.7902857,-0.69078094,2284,0.02856625,0.0299,0.06500375,0.0426875,0.34175,0.16014,0.07515125,0.16014,0,7.845878,2013,-96.92952171,18.85424542
0_99_0,2435,0.057041023,0.14969896,0.2991624,-0.38355595,874,0.03893375,0.0479125,0.07713125,0.08032125,0.213215,0.1641,0.1297525,0.1641,0,6.5375066,2013,-97.43212912,18.8900882
0_100_0,780,0.13551159,0.31119084,0.45703703,-0.46217206,2449,0.044475,0.05290375,0.0922425,0.0967525,0.2410175,0.19263125,0.13174625,0.19263125,0,4.041175,2013,-96.95647117,18.83753676
0_101_0,1843,0.3602333,0.67521536,0.88555086,-0.79317504,2227,0.016425,0.0195875,0.0398825,0.0208525,0.337625,0.16454,0.0661725,0.16454,0,25.35065,2013,-97.08906251,19.38568875
0_102_0,2482,-0.045633256,0.14466967,0.42560935,-0.43385202,982,0.04088625,0.0484625,0.0730475,0.07454625,0.16135,0.1877225,0.13812625,0.1877225,0,26.314257,2013,-97.38523706,18.83591979
0_103_0,2663,-0.040302593,0.004687998,0.16223852,-0.25374016,718,0.0583625,0.0739825,0.1038475,0.1267,0.2242975,0.2251225,0.208595,0.2251225,0,5.6325855,2013,-97.43347659,19.06040878
0_104_0,768,0.35771665,0.6744529,0.7899645,-0.7132394,2449,0.02581625,0.02603625,0.04787125,0.03269125,0.2793525,0.1333275,0.05502125,0.1333275,0,4.795468,2013,-96.98719355,18.81786366
0_105_0,2614,0.3564605,0.6652296,0.88227767,-0.79449517,1760,0.0144725,0.01483,0.0338875,0.0200825,0.3471125,0.1652275,0.0707375,0.1652275,0,29.421724,2013,-97.18203814,19.32235752
0_106_0,1760,0.39127147,0.6899622,0.8769286,-0.7862221,2598,0.01874875,0.01696125,0.03683,0.0204125,0.28818,0.126535,0.05306875,0.126535,0,35.60236,2013,-97.06534698,18.77824795
0_107_0,651,0.3600071,0.6663519,0.8406467,-0.7426816,2686,0.0260225,0.024235,0.04564375,0.0270125,0.282185,0.13501875,0.05861,0.13501875,0,0.92740995,2013,-96.90284175,18.81328225
0_108_0,2627,-0.041270975,0.1414877,0.46557537,-0.46463078,982,0.06136,0.072305,0.1063775,0.11394,0.252265,0.3370475,0.2469575,0.3370475,0,1.3490437,2013,-97.3679894,18.83672828
0_109_0,2549,0.013646749,0.08895748,0.35941932,-0.45152575,642,0.039745,0.04297625,0.07344625,0.07159,0.2112625,0.18633375,0.13174625,0.18633375,0,5.23337,2013,-97.40491016,19.15311492
0_110_0,955,0.30446804,0.6241873,0.8362972,-0.7602118,2124,0.01921625,0.02055,0.0408725,0.02763125,0.30897,0.16983375,0.0741475,0.16983375,0,2.0981674,2013,-96.87184987,19.26199073
0_111_0,1162,0.36533636,0.6840955,0.871827,-0.7804547,2451,0.02385,0.020825,0.0355925,0.02033,0.2899675,0.135665,0.0560525,0.135665,0,6.0567575,2013,-96.98422911,19.3083438
0_112_0,2966,0.3474778,0.5873422,0.7591252,-0.72493905,1353,0.00873875,0.01115875,0.0282775,0.02647625,0.188685,0.0864125,0.0464825,0.0864125,0,11.672061,2013,-97.22354031,19.39997196
0_113_0,3014,0.020142421,0.10559915,0.34570545,-0.42350465,985,0.040625,0.05091,0.078685,0.0966425,0.2569675,0.214865,0.1743575,0.214865,0,8.760521,2013,-97.36556395,19.01944561
0_114_0,2779,0.15604632,0.39301226,0.56010085,-0.5295776,651,0.0168925,0.0195875,0.0326775,0.0288275,0.1573075,0.116745,0.0615525,0.116745,0,21.501055,2013,-97.42242731,19.14341311
0_115_0,1205,0.33315703,0.6436418,0.8627195,-0.7702723,2411,0.02166375,0.0207425,0.04055625,0.02501875,0.31332875,0.160855,0.07223625,0.160855,0,29.50584,2013,-96.840858,18.97336203
0_116_0,2401,-0.02795801,0.0853043,0.24022372,-0.32484087,982,0.0599575,0.0740925,0.1153975,0.13055,0.2034525,0.2057625,0.17147,0.2057625,0,3.831503,2013,-97.39736431,18.84616059
0_117_0,3085,0.20379612,0.46151382,0.7056993,-0.64146024,1353,0.01252,0.0198625,0.05053875,0.04151875,0.22944,0.15949375,0.08895625,0.15949375,0,11.181072,2013,-97.22515727,19.39377358
0_118_0,939,0.37968612,0.6977263,0.8612421,-0.7518664,2598,0.0291575,0.02572,0.041835,0.022255,0.3037725,0.1321175,0.05212,0.1321175,0,3.399877,2013,-97.01764644,18.89763405
0_119_0,915,0.34731132,0.6680499,0.8727724,-0.7855187,2411,0.0271225,0.023575,0.0393875,0.0215675,0.3205475,0.1547775,0.062735,0.1547775,0,10.376376,2013,-96.82873074,18.95907882
0_120_0,2869,0.08254314,0.34894207,0.5771111,-0.57901275,885,0.02572,0.0337225,0.057015,0.05727625,0.209035,0.182195,0.1032425,0.182195,0,4.8946786,2013,-97.38362009,19.06606817
0_121_0,2550,0.03152189,0.16407676,0.24633771,-0.31975618,820,0.04728,0.0551725,0.096395,0.1244175,0.18566,0.2092,0.16091,0.2092,0,8.808298,2013,-97.46419897,19.02591348
1_0_0,2529,-0.006271477,0.07906781,0.22619368,-0.31987742,1015,0.03315875,0.0459325,0.08034875,0.0871,0.14667875,0.14893375,0.1255175,0.14893375,0,1.3492877,2014,-97.36879789,18.89413062
1_1_0,1162,0.2703253,0.5687159,0.7694921,-0.67730886,1943,0.0269575,0.025775,0.0487925,0.035345,0.2398075,0.14111,0.0721125,0.14111,0,8.611153,2014,-97.04109247,18.91380373
1_2_0,733,0.17385802,0.41759816,0.66014135,-0.58790565,2160,0.0259675,0.030505,0.0550625,0.0454925,0.219925,0.15673,0.08545,0.15673,0,4.3280954,2014,-96.93706756,18.82190607
1_3_0,588,0.21246456,0.46021783,0.62126714,-0.5413934,2473,0.03263625,0.03890625,0.07025625,0.0585275,0.27323375,0.17015,0.09324625,0.17015,0,1.3492192,2014,-96.83304265,18.87796095
1_4_0,1308,0.17692688,0.41277692,0.6430592,-0.5798445,2093,0.03661,0.0412575,0.0710125,0.0647975,0.2917825,0.1875025,0.109155,0.1875025,0,3.0811348,2014,-97.08582857,18.91730716
1_5_0,2413,0.16710332,0.43070832,0.6763538,-0.6768745,1630,0.01527,0.0264625,0.0559975,0.0526425,0.2812775,0.199905,0.113225,0.199905,0,12.036443,2014,-97.14808182,19.38595824
1_6_0,2413,-0.04279325,0.03449915,0.17657551,-0.27799085,761,0.07214,0.0845425,0.1160575,0.1419625,0.22306,0.2266075,0.1950375,0.2266075,0,2.9482665,2014,-97.36960637,19.27896889
1_7_0,815,0.28425455,0.56933534,0.7993258,-0.7067295,2374,0.0308625,0.02831875,0.0487925,0.0325675,0.29465625,0.16031875,0.0749725,0.16031875,0,18.972612,2014,-97.01629897,18.81840265
1_8_0,1351,0.34376082,0.6223667,0.7828619,-0.7053716,1948,0.02493625,0.02818125,0.05311,0.03557875,0.28945875,0.14555125,0.07082,0.14555125,0,3.0806334,2014,-97.11062207,18.88712376
1_9_0,896,0.29845524,0.5723234,0.7842123,-0.7180989,1800,0.026765,0.0273425,0.049535,0.03628,0.33108,0.17488,0.0844325,0.17488,0,6.5377183,2014,-96.84355294,19.13344182
1_10_0,2482,-0.119451955,0.054510284,0.35368937,-0.46590564,1451,0.02493625,0.04308625,0.0732675,0.091445,0.22427,0.2459125,0.1784825,0.2459125,0,6.1600633,2014,-97.1887755,19.3781429
1_11_0,3339,0.2252193,0.47301036,0.6579548,-0.65679914,1659,0.01330375,0.017635,0.03522125,0.03456125,0.2154975,0.1231525,0.066365,0.1231525,0,20.98574,2014,-97.23997948,19.2089003
1_12_0,895,0.4165227,0.64983445,0.78425056,-0.68729144,1693,0.01274,0.01714,0.0392775,0.02092125,0.29817625,0.123235,0.05290375,0.123235,0,45.4006,2014,-96.88289915,19.28732322
1_13_0,1871,0.30932552,0.58275807,0.7942582,-0.7337275,1889,0.02506,0.025445,0.049865,0.0347125,0.3038275,0.1716075,0.08149,0.1716075,0,34.7802,2014,-97.13487659,18.77043261
1_14_0,902,0.3414772,0.61332643,0.8062606,-0.73092717,1954,0.0201375,0.022365,0.04607,0.0272325,0.3253875,0.1460875,0.0691425,0.1460875,0,21.722513,2014,-96.84031901,19.05178496
1_15_0,2690,0.14113131,0.39889407,0.61590827,-0.6311867,1451,0.0130425,0.024895,0.05718,0.06169,0.24627,0.2002075,0.1157,0.2002075,0,7.0946565,2014,-97.17260583,19.39188712
1_16_0,897,0.36810938,0.62060314,0.81834507,-0.70805717,1693,0.01184625,0.01734625,0.03769625,0.0221175,0.27405875,0.13061875,0.0551175,0.13061875,0,31.465633,2014,-96.88397713,19.28678423
1_17_0,958,0.35374305,0.65241754,0.8343745,-0.7464306,2084,0.020715,0.0255825,0.04299,0.0300375,0.295935,0.146115,0.0717825,0.146115,0,38.165688,2014,-96.82738327,19.00408441
1_18_0,2453,-0.039067034,0.07760447,0.28297102,-0.3438528,1015,0.04442,0.0541825,0.08314,0.09425,0.1733125,0.19435,0.1554925,0.19435,0,3.4726937,2014,-97.39978976,18.88577629
1_19_0,997,0.2001947,0.41467774,0.5604847,-0.4910648,2148,0.02781,0.0325675,0.06026,0.053935,0.167015,0.1201825,0.081545,0.1201825,0,1.3492062,2014,-97.02168886,18.87499651
1_20_0,3006,-0.12371532,-0.06448456,0.21297817,-0.31254575,849,0.05642375,0.06684625,0.09214625,0.1114375,0.180325,0.2425025,0.22420125,0.2425025,0,4.6273675,2014,-97.35774861,19.0544799
1_21_0,1197,0.3400153,0.6099322,0.7574579,-0.6637458,2093,0.023905,0.028195,0.0562725,0.03947,0.28037,0.14947,0.0689225,0.14947,0,0.9804082,2014,-97.05375872,18.92700896
1_22_0,2516,-0.01136584,0.118846916,0.38533974,-0.4859682,889,0.0270125,0.03703625,0.06954125,0.08824125,0.17841375,0.19590375,0.1465275,0.19590375,0,16.186087,2014,-97.35855709,18.75695788
1_23_0,2383,0.008016452,0.08325768,0.18643644,-0.27981734,761,0.07852,0.093865,0.1358025,0.1664925,0.2534475,0.235655,0.2042775,0.235655,0,2.0982554,2014,-97.37203182,19.2932521
1_24_0,1279,0.3709387,0.66036594,0.8510397,-0.7691986,1974,0.02026125,0.02246125,0.0435675,0.02853875,0.32457625,0.15512125,0.0706275,0.15512125,0,16.460037,2014,-96.85190727,19.03911871
1_25_0,2680,-0.038543522,0.016482929,0.14062855,-0.24841748,722,0.064055,0.0783275,0.11295,0.14221,0.2136825,0.2231425,0.20205,0.2231425,0,0,2014,-97.42646973,19.06337322
1_26_0,912,0.33877325,0.6039449,0.78418595,-0.6941118,2130,0.02254375,0.02427625,0.043705,0.0288,0.25315875,0.11249625,0.0527525,0.11249625,0,4.9904604,2014,-96.94380493,19.3929651
1_27_0,787,0.2728015,0.5192326,0.7310621,-0.6237501,2002,0.027315,0.032375,0.0631475,0.0522025,0.2864475,0.1673725,0.0949925,0.1673725,0,4.9741855,2014,-96.97264085,18.8307994
1_28_0,3101,0.12423458,0.35225347,0.59501404,-0.62143534,1125,0.01846,0.0249775,0.05089625,0.0565475,0.22057125,0.1774925,0.1124,0.1774925,0,32.22497,2014,-97.21168254,19.38973117
1_29_0,2520,0.23406035,0.50895834,0.7445484,-0.7236894,1424,0.00871125,0.01407375,0.028855,0.0239875,0.1649525,0.108055,0.054045,0.108055,0,13.5105095,2014,-97.14161395,19.40131943
1_30_0,2941,0.22258426,0.4785309,0.6223311,-0.61822873,849,0.0179925,0.02429,0.04503875,0.04399375,0.1871725,0.12159875,0.0672725,0.12159875,0,4.7253222,2014,-97.36933688,19.06148676
1_31_0,1793,0.29664057,0.57638586,0.751169,-0.7064846,1630,0.01929875,0.028745,0.0647425,0.05276625,0.40556375,0.21152375,0.10958125,0.21152375,0,2.1728876,2014,-97.114395,19.35900878
1_32_0,1041,0.29069617,0.56487054,0.8003859,-0.7175927,2084,0.0190375,0.023685,0.0452175,0.030945,0.2835325,0.1629175,0.083085,0.1629175,0,9.040108,2014,-96.83681558,19.01405571
1_33_0,2002,0.15318014,0.4606955,0.7009349,-0.68180686,1630,0.02193875,0.0284425,0.05100625,0.048545,0.2806725,0.20470375,0.10674875,0.20470375,0,13.08334,2014,-97.1391885,19.35873929
1_34_0,751,0.19845945,0.4512142,0.68042386,-0.59400755,2002,0.02693,0.0299275,0.0604525,0.0456575,0.2543,0.1591225,0.085945,0.1591225,0,2.167145,2014,-96.98584608,18.82244506
1_35_0,996,0.32937628,0.60550886,0.7905025,-0.659351,2148,0.02947375,0.03139875,0.0730475,0.043155,0.35628375,0.17868875,0.08642625,0.17868875,0,2.0970848,2014,-97.02007189,18.8704151
1_36_0,3378,0.23900105,0.4585303,0.6293336,-0.6397247,1659,0.01043,0.0156,0.0350425,0.0281125,0.2076875,0.11801,0.0542925,0.11801,0,45.44374,2014,-97.2437524,19.21132575
1_37_0,2398,-0.008282214,0.06483201,0.19824529,-0.2981886,761,0.06884,0.08105,0.1188625,0.1386075,0.2301275,0.2184675,0.1894,0.2184675,0,2.9452941,2014,-97.37418778,19.28516727
1_38_0,3379,0.17504972,0.42881057,0.5931142,-0.6246871,1659,0.0119975,0.01912,0.04028125,0.042715,0.218825,0.13358875,0.07237375,0.13358875,0,14.863072,2014,-97.23135565,19.20324091
1_39_0,2192,0.3153384,0.59048486,0.8169846,-0.75700396,1592,0.011585,0.01593,0.03518,0.024785,0.2598,0.1322275,0.0636975,0.1322275,0,10.381441,2014,-97.14296143,19.33529326
1_40_0,881,0.2866191,0.5624193,0.72897434,-0.6537289,1660,0.0222275,0.02774125,0.06272125,0.043155,0.29520625,0.1765025,0.084075,0.1765025,0,2.9481037,2014,-96.83681558,19.19704254
1_41_0,717,0.35033518,0.6311555,0.8120768,-0.72755694,1954,0.0166725,0.01822625,0.0351525,0.0212375,0.22890375,0.11915125,0.0513225,0.11915125,0,41.880535,2014,-96.8308867,19.06175626
1_42_0,809,0.40858534,0.69583285,0.818244,-0.7432772,2130,0.0179925,0.023135,0.05619,0.0400475,0.3546475,0.159425,0.072745,0.159425,0,4.340013,2014,-96.90068579,19.38056835
1_43_0,771,0.3528434,0.646411,0.81090575,-0.72615755,1954,0.0183225,0.0210175,0.0433475,0.02682,0.285705,0.1362425,0.05641,0.1362425,0,23.35391,2014,-96.82387984,19.07846492
1_44_0,2622,-0.00934267,0.15885657,0.3592946,-0.46388564,949,0.0369675,0.0474175,0.0833875,0.10107,0.20216,0.2066425,0.158985,0.2066425,0,12.53507,2014,-97.36610294,18.82729597
1_45_0,2361,0.33495268,0.6090457,0.82669634,-0.77271056,1592,0.008175,0.01219,0.0259675,0.0185975,0.21954,0.1107225,0.052175,0.1107225,0,20.49021,2014,-97.14862081,19.33798821
1_46_0,813,0.3166139,0.59009993,0.79506445,-0.71256834,1800,0.02451,0.026985,0.05212,0.0365,0.3397975,0.17785,0.078135,0.17785,0,9.368707,2014,-96.8306172,19.10595337
1_47_0,2741,-0.022471115,0.024294289,0.13542378,-0.23418166,722,0.06906,0.0898775,0.13364375,0.1672075,0.2294125,0.22238625,0.20557,0.22238625,0,2.7802885,2014,-97.40113724,19.08331582
1_48_0,795,0.37179032,0.6467823,0.7982965,-0.70898575,2002,0.019615,0.0220075,0.052285,0.0342175,0.3057525,0.141165,0.0661175,0.141165,0,5.63236,2014,-96.99824283,18.83726727
1_49_0,802,0.30070817,0.57615954,0.812388,-0.70947874,2131,0.0191475,0.02319,0.0501675,0.03370875,0.29113625,0.16658875,0.082535,0.16658875,0,4.188117,2014,-96.99797334,18.78741077
1_50_0,2622,0.29925156,0.59464633,0.80834484,-0.76497793,1592,0.0090825,0.0159025,0.0303675,0.0229975,0.2107675,0.1320075,0.06268,0.1320075,0,27.851133,2014,-97.14808182,19.32451348
1_51_0,2011,0.03887595,0.3740825,0.6875696,-0.6585133,1300,0.02869,0.031055,0.0528075,0.05014,0.2564725,0.2268275,0.1136925,0.2268275,0,32.62562,2014,-97.25938309,18.76450373
1_52_0,867,0.26806888,0.58298963,0.7929528,-0.7055793,1693,0.02246125,0.0237675,0.04608375,0.0305325,0.27163875,0.15718375,0.07691125,0.15718375,0,4.7276926,2014,-96.85271576,19.27600445
1_53_0,1090,0.3464401,0.6370492,0.81179297,-0.719233,1940,0.018295,0.021595,0.0453825,0.0293775,0.273275,0.14507,0.06862,0.14507,0,28.156384,2014,-96.9599746,19.39539055
1_54_0,1264,0.24676642,0.5223181,0.75800157,-0.6968526,1974,0.028965,0.035565,0.0672725,0.0484075,0.3622375,0.23318,0.113665,0.23318,0,7.931399,2014,-96.85109879,19.0396577
1_55_0,913,0.30998757,0.5939131,0.8137061,-0.7463093,1693,0.01797875,0.0243175,0.0463725,0.031605,0.313315,0.17082375,0.08111875,0.17082375,0,2.0981457,2014,-96.8554107,19.25417539
1_56_0,599,0.26422876,0.4497125,0.6280924,-0.534343,2473,0.03566125,0.04314125,0.06830375,0.0635325,0.33527375,0.1662175,0.11546625,0.1662175,0,0.92740995,2014,-96.83627659,18.875266
1_57_0,2379,-0.06852496,0.026933363,0.22985134,-0.3340401,791,0.0650725,0.07434,0.1067075,0.12494,0.225425,0.2469575,0.20194,0.2469575,0,8.512584,2014,-97.34777731,19.33394579
1_58_0,1139,0.26191267,0.5519365,0.7129849,-0.6241347,2252,0.025555,0.028965,0.0566575,0.039965,0.2213825,0.1405875,0.06598,0.1405875,0,9.144042,2014,-97.05834013,18.88577629
1_59_0,1339,0.29394862,0.5700521,0.77297616,-0.69902617,1948,0.0289925,0.0318525,0.0521475,0.0377375,0.277455,0.15332,0.076595,0.15332,0,4.1885867,2014,-97.11385601,18.87418802
1_60_0,799,0.23494714,0.47290525,0.6865636,-0.6050638,2374,0.0305325,0.035345,0.064055,0.0518175,0.25408,0.1751825,0.09579,0.1751825,0,4.188311,2014,-97.01037009,18.82325355
1_61_0,1261,0.18846281,0.38880852,0.5506785,-0.51010996,2252,0.0399375,0.0426875,0.06664,0.0562725,0.20612,0.15442,0.093975,0.15442,0,7.752664,2014,-97.07531828,18.87930842
1_62_0,2483,0.18832915,0.47810444,0.7367037,-0.701753,1246,0.01989,0.0262975,0.0515975,0.041285,0.248965,0.173065,0.08435,0.173065,0,14.409445,2014,-97.34427388,18.74779506
1_63_0,2089,0.32415795,0.6242353,0.82795763,-0.78045404,1630,0.0137575,0.01786875,0.0350975,0.0240975,0.27843125,0.1401475,0.06118125,0.1401475,0,23.75386,2014,-97.10738814,19.37383099
1_64_0,2533,-0.03477752,0.14325847,0.45842046,-0.5155483,889,0.03727,0.04431,0.0626525,0.0676575,0.198365,0.2213825,0.14188,0.2213825,0,10.712684,2014,-97.3779607,18.79199218
1_65_0,1947,0.33279783,0.61192435,0.82594293,-0.73883706,1630,0.0094675,0.012575,0.0294325,0.0200275,0.22262,0.107615,0.05003,0.107615,0,23.011925,2014,-97.10092027,19.38919218
1_66_0,742,0.28213197,0.5309551,0.727219,-0.63811487,2002,0.0316875,0.0360325,0.06422,0.046345,0.2785,0.170755,0.085065,0.170755,0,10.104115,2014,-96.9702154,18.82621799
1_67_0,1312,0.36642662,0.6554962,0.83983946,-0.7636437,1730,0.01998625,0.0215125,0.0370225,0.02352,0.29880875,0.1376175,0.05642375,0.1376175,0,8.82788,2014,-97.00929211,19.40078044
1_68_0,1405,0.2766658,0.55786407,0.77616066,-0.6925979,1948,0.03478125,0.03398375,0.05938,0.03931875,0.31308125,0.18460125,0.091335,0.18460125,0,5.02196,2014,-97.12760023,18.88954922
1_69_0,2490,-0.04834499,0.012785643,0.20593607,-0.31765386,675,0.0577025,0.0726075,0.1061025,0.127855,0.21338,0.21855,0.1801325,0.21855,0,6.271452,2014,-97.41030005,19.17871691
1_70_0,2424,-0.006337388,0.0722167,0.19629842,-0.29427746,791,0.059655,0.0747525,0.107725,0.13781,0.2230875,0.2198425,0.18555,0.2198425,0,8.239288,2014,-97.33888399,19.30996077
1_71_0,1684,0.2350386,0.46367157,0.66019225,-0.6321383,1761,0.0253075,0.03134375,0.0541,0.05455375,0.3831925,0.2103825,0.13284625,0.2103825,0,33.965424,2014,-97.08690655,19.3832633
1_72_0,995,0.30740142,0.5752914,0.7549896,-0.6436481,2148,0.032925,0.03453375,0.0679875,0.04343,0.31555625,0.178015,0.084185,0.178015,0,1.9596056,2014,-97.02007189,18.87257106
1_73_0,3225,-0.13614312,-0.09262303,0.22843154,-0.32791469,917,0.04184875,0.0530275,0.07423,0.0921875,0.15607,0.1943225,0.17332625,0.1943225,0,24.715225,2014,-97.35370619,19.00435391
1_74_0,2393,-0.08124778,0.011527337,0.2196236,-0.31951523,761,0.0660625,0.07544,0.1034625,0.1205675,0.21173,0.2329325,0.1989975,0.2329325,0,4.9015517,2014,-97.36125204,19.2983725
1_75_0,573,0.29606178,0.58083165,0.7997399,-0.70968956,1940,0.02820875,0.02947375,0.04633125,0.02985875,0.32083625,0.15072125,0.06928,0.15072125,0,8.822712,2014,-96.84193597,18.91811564
1_76_0,2671,0.02305784,0.19831051,0.5540231,-0.5806043,1451,0.01604,0.0255,0.0516525,0.0547325,0.1849725,0.1978975,0.1248025,0.1978975,0,5.479316,2014,-97.17583976,19.38730571
1_77_0,2489,-0.006559067,0.08799969,0.17786942,-0.26401433,1015,0.03912625,0.0503875,0.08329125,0.0968625,0.16887125,0.15338875,0.131925,0.15338875,0,3.831533,2014,-97.3582876,18.86637268
1_78_0,972,0.33048782,0.62888634,0.8213411,-0.74375075,2084,0.023025,0.02693,0.0447225,0.0315775,0.3405675,0.1664375,0.0751925,0.1664375,0,37.017757,2014,-96.82468832,19.02672196
1_79_0,1111,0.29860812,0.581526,0.7832963,-0.69818383,1771,0.02297,0.025115,0.0487375,0.03507,0.2846875,0.15816,0.0770625,0.15816,0,11.922107,2014,-96.85460222,18.97093658
1_80_0,894,0.36122522,0.6564625,0.8213851,-0.7309935,1771,0.0211,0.02319,0.04167,0.027755,0.32459,0.13869,0.06103,0.13869,0,16.271582,2014,-96.86942442,18.95341943
1_81_0,2969,0.07857331,0.21103375,0.45714083,-0.48501307,917,0.0309725,0.0393875,0.06081,0.0711775,0.1963575,0.164925,0.11988,0.164925,0,9.386485,2014,-97.36771991,19.02699145
2_0_0,1362,0.35614195,0.66665787,0.84651995,-0.74074155,2347,0.02818125,0.02620125,0.0481875,0.02732875,0.32888,0.1619275,0.06632375,0.1619275,0,33.1592,2015,-97.04594337,18.79549561
2_1_0,1312,0.36355644,0.6429716,0.85076904,-0.7733455,1699,0.02341,0.02187,0.0457125,0.03078,0.3197225,0.1663,0.071315,0.1663,0,15.754616,2015,-97.01629897,19.39377358
2_2_0,2200,0.28023636,0.56057507,0.80132276,-0.74451065,1511,0.017965,0.02301125,0.049755,0.03709125,0.3649325,0.20033125,0.0919125,0.20033125,0,4.6273675,2015,-97.14889031,19.36951907
2_3_0,2593,-0.003059796,0.08455296,0.20880586,-0.30175573,667,0.0600675,0.07432625,0.10815125,0.13499125,0.2159925,0.2009225,0.17543,0.2009225,0,7.4424376,2015,-97.42458327,19.1191586
2_4_0,2452,-0.004007828,0.096035995,0.26407215,-0.33400422,719,0.05782625,0.06849625,0.10152375,0.11662125,0.1922325,0.2124725,0.17676375,0.2124725,0,3.08707,2015,-97.36556395,19.26791961
2_5_0,789,0.11624429,0.34206223,0.6125695,-0.55457723,2097,0.06241875,0.0645775,0.09632625,0.08422625,0.3522825,0.27276625,0.17247375,0.27276625,0,2.0970075,2015,-96.94596088,18.84184867
2_6_0,2663,-0.03750298,0.03179759,0.2369762,-0.3623082,639,0.0407625,0.0511575,0.0760725,0.0928475,0.2065875,0.201225,0.16322,0.201225,0,8.765364,2015,-97.39736431,19.11242124
2_7_0,3018,-0.012824136,0.074896134,0.26295468,-0.3372707,870,0.0417525,0.0564925,0.094635,0.103985,0.2203375,0.2212725,0.15607,0.2212725,0,7.077233,2015,-97.36529446,19.01917611
2_8_0,2090,0.1656461,0.35215533,0.6418713,-0.59417695,1511,0.0407075,0.0480775,0.07897375,0.07306125,0.32679,0.21877,0.15149125,0.21877,0,13.973203,2015,-97.11735944,19.39188712
2_9_0,1400,0.36758128,0.662041,0.85986257,-0.77032876,1760,0.0300925,0.0281125,0.0410375,0.0243725,0.3368825,0.1483975,0.0642475,0.1483975,0,20.529152,2015,-97.13514608,18.85774885
2_10_0,1038,0.052068632,0.2121621,0.3661473,-0.37079734,1588,0.0649625,0.07852,0.1141325,0.1185875,0.2455,0.2246825,0.1619275,0.2246825,0,3.831628,2015,-96.97641377,18.9302429
2_11_0,917,0.3717737,0.69248235,0.8645273,-0.77015126,1671,0.0163975,0.01868,0.04429625,0.02418,0.3211525,0.14975875,0.0608925,0.14975875,0,8.345529,2015,-96.88424662,19.28166384
2_12_0,800,0.26069325,0.5512758,0.7547061,-0.6557013,2243,0.0263525,0.0283875,0.0641375,0.045575,0.29511,0.1879425,0.09073,0.1879425,0,6.1218834,2015,-97.00551919,18.80843135
2_13_0,789,0.2998771,0.586503,0.7574927,-0.6714191,1921,0.02826375,0.02785125,0.05333,0.0347675,0.2925525,0.14318625,0.06500375,0.14318625,0,10.36378,2015,-96.98557659,18.83295535
2_14_0,2593,0.27554905,0.60141593,0.8140527,-0.7517654,1301,0.0103475,0.0147475,0.03903,0.02737,0.272725,0.1419625,0.0622125,0.1419625,0,7.092461,2015,-97.14592587,19.40212792
2_15_0,1019,0.35980356,0.6501996,0.8424548,-0.7460047,1807,0.0296525,0.0280025,0.043485,0.0255275,0.300665,0.1383325,0.0584175,0.1383325,0,38.340256,2015,-97.01063958,18.91730716
2_16_0,680,0.39617383,0.6954557,0.8575515,-0.7690457,1531,0.02386375,0.0247025,0.04195875,0.0243175,0.3049275,0.13292875,0.05532375,0.13292875,0,19.611803,2015,-96.86160908,18.93859723
2_17_0,1196,0.30405378,0.6079757,0.7326544,-0.65336186,2061,0.0255275,0.0297075,0.059435,0.0396075,0.2585625,0.1450425,0.0704075,0.1450425,0,4.02238,2015,-97.07073688,18.87472701
2_18_0,795,0.06630713,0.2982649,0.5623088,-0.5753534,1832,0.03276,0.039745,0.06972,0.074065,0.2624675,0.229825,0.1439425,0.229825,0,7.080197,2015,-96.82441883,19.0943651
2_19_0,2789,0.028027844,0.13575004,0.2485234,-0.34366146,775,0.0485725,0.06192375,0.09425,0.0911425,0.223225,0.20722,0.13287375,0.20722,0,5.3846707,2015,-97.40221522,19.03642376
2_20_0,667,0.39170653,0.68567455,0.84139955,-0.72768724,2212,0.01987625,0.02147125,0.0458775,0.025115,0.28906,0.137095,0.0570975,0.137095,0,9.63756,2015,-96.9351811,18.79711257
2_21_0,3001,-0.13994785,-0.115934566,0.19061376,-0.28678367,870,0.05925625,0.07020125,0.0997225,0.12388125,0.19061,0.243355,0.234555,0.243355,0,7.3690696,2015,-97.36691143,19.02860842
2_22_0,2386,0.053035345,0.15818281,0.27819756,-0.38618785,714,0.05273875,0.0655675,0.09431875,0.12858375,0.28087875,0.18831375,0.156895,0.18831375,0,2.9460433,2015,-97.34562135,19.32693893
2_23_0,2514,-0.051426392,0.13066792,0.44154447,-0.49446905,815,0.04343,0.0517075,0.0821775,0.090125,0.234005,0.26376,0.17928,0.26376,0,4.041175,2015,-97.35208922,18.83753676
2_24_0,2461,-0.0556675,0.012318274,0.2672298,-0.38208696,815,0.0446675,0.0552275,0.0920225,0.10976,0.2608725,0.2308425,0.2013625,0.2308425,0,2.7802885,2015,-97.37068435,18.84454362
2_25_0,1518,0.34759045,0.622923,0.8362597,-0.78427446,1596,0.02133375,0.0238775,0.03923625,0.0255825,0.35336875,0.163,0.07344625,0.163,0,17.853983,2015,-97.05537568,19.3932346
2_26_0,2655,6.56E-04,0.06721406,0.19057782,-0.27759385,712,0.04635875,0.05928375,0.08818625,0.11048875,0.21289875,0.18468375,0.14728375,0.18468375,0,4.7257247,2015,-97.41649843,19.09813802
2_27_0,2251,0.42262456,0.70600337,0.8480098,-0.7636979,1743,0.01505,0.01549,0.0348225,0.02196625,0.2393125,0.110145,0.04704625,0.110145,0,25.773237,2015,-97.14889031,18.79953802
2_28_0,2592,0.13073584,0.31900576,0.55378187,-0.5744043,815,0.02985875,0.03535875,0.06395875,0.06420625,0.2178075,0.17114,0.11373375,0.17114,0,11.98288,2015,-97.36718092,18.83457232
2_29_0,2707,0.16655017,0.4296767,0.6858683,-0.68032235,1330,0.01153,0.01923,0.047225,0.04772,0.25595,0.180545,0.101345,0.180545,0,18.863844,2015,-97.15832262,19.39916348
2_30_0,1134,0.28248465,0.5507925,0.75989574,-0.70816875,1531,0.0266275,0.027315,0.058445,0.0395525,0.3644925,0.18511,0.0964775,0.18511,0,24.444088,2015,-96.88775005,18.94668207
2_31_0,2337,0.28752148,0.59164554,0.8149416,-0.7367961,1484,0.00686875,0.0085325,0.0269025,0.0163425,0.1991075,0.10965,0.05323375,0.10965,0,20.118591,2015,-97.12786973,19.34068315
2_32_0,989,0.31070662,0.5752555,0.80156267,-0.7192517,1671,0.01883125,0.01968375,0.044475,0.032045,0.26311375,0.1523025,0.07361125,0.1523025,0,16.42883,2015,-96.89394843,19.27169254
2_33_0,2534,0.005768222,0.07161551,0.19207594,-0.28655493,788,0.05388,0.06686,0.1015375,0.1241975,0.2118675,0.20447,0.17455,0.20447,0,10.371263,2015,-97.46581594,18.97417052
2_34_0,2275,0.39494088,0.70912874,0.88004565,-0.7988489,1466,0.01494,0.0149675,0.0314675,0.018185,0.279105,0.1210625,0.04816,0.1210625,0,19.596674,2015,-97.16559897,18.77016311
2_35_0,1201,0.22931583,0.5322779,0.7822451,-0.6988796,1692,0.02341,0.0280575,0.06488,0.04013,0.389215,0.202105,0.0925175,0.202105,0,10.738711,2015,-96.990158,19.29648604
2_36_0,1248,0.23502934,0.5098556,0.71367866,-0.6241428,1727,0.03310375,0.03511125,0.06433,0.05073125,0.26982375,0.17907375,0.09621625,0.17907375,0,2.0969863,2015,-97.14161395,18.83430283
2_37_0,2132,0.3141869,0.6250488,0.8242972,-0.7761742,1511,0.0107325,0.0133175,0.0304775,0.0220075,0.2256725,0.11392625,0.0501675,0.11392625,0,12.475318,2015,-97.13245114,19.3681716
2_38_0,3450,0.08420183,0.3611392,0.6614848,-0.677342,1302,0.01245125,0.01632875,0.0301475,0.02625625,0.13708125,0.12142,0.06189625,0.12142,0,24.845499,2015,-97.25399319,19.20216293
2_39_0,2489,0.029431533,0.12456757,0.34705603,-0.39364675,849,0.0406525,0.0513775,0.0838,0.091665,0.1991075,0.172625,0.1406425,0.172625,0,1.959492,2015,-97.35424518,18.86286925
2_40_0,2657,-0.06873503,0.06720707,0.33685863,-0.39629778,788,0.0456025,0.05311,0.0818475,0.09282,0.19028,0.2226475,0.1691325,0.2226475,0,1.8543341,2015,-97.45503615,18.95853983
2_41_0,636,0.41054788,0.71644706,0.8714924,-0.7670096,2212,0.02402875,0.02526625,0.0447775,0.02334125,0.35721875,0.14483625,0.0568775,0.14483625,0,6.9174967,2015,-96.92601828,18.79792106
2_42_0,1441,0.31998116,0.6048447,0.7939457,-0.6945766,2097,0.02837375,0.02653125,0.05020875,0.0316325,0.29539875,0.15740375,0.07325375,0.15740375,0,12.655713,2015,-97.05645366,18.79980752
2_43_0,1482,0.3583101,0.679162,0.85280746,-0.7563054,1906,0.0222825,0.021045,0.03505625,0.0193125,0.2488,0.11725375,0.04894375,0.11725375,0,29.526775,2015,-97.0993033,18.91784615
2_44_0,998,0.34831968,0.6576334,0.8583853,-0.77283764,1758,0.026325,0.0256375,0.04354,0.025005,0.35218625,0.16191375,0.071975,0.16191375,0,11.606687,2015,-96.83978002,18.95611438
2_45_0,2395,0.025522241,0.17120495,0.46376377,-0.51721233,1330,0.01305625,0.02463375,0.05529625,0.06272125,0.15987875,0.1677575,0.1183125,0.1677575,0,4.047961,2015,-97.18500258,19.36466817
2_46_0,912,0.3622453,0.6733707,0.82683563,-0.7443798,2243,0.03115125,0.03021625,0.05254625,0.03002375,0.3583875,0.16876125,0.07022875,0.16876125,0,7.4458494,2015,-97.03651106,18.81786366
2_47_0,793,0.39747652,0.69804317,0.8685017,-0.77669764,1719,0.02587125,0.0258575,0.04391125,0.0248125,0.3375975,0.158545,0.065705,0.158545,0,41.90362,2015,-96.84678688,19.12966889
2_48_0,617,0.2675174,0.54979205,0.6643517,-0.60417163,2384,0.0300925,0.0370775,0.06598,0.052945,0.31766,0.17411,0.0886675,0.17411,0,3.9150383,2015,-96.84894283,18.88981871
2_49_0,2664,0.01160082,0.06983699,0.14748487,-0.25251266,712,0.0566575,0.076375,0.1120425,0.142265,0.2158825,0.1788675,0.150735,0.1788675,0,4.044239,2015,-97.42620023,19.07765644
2_50_0,791,0.18799762,0.4786246,0.6420031,-0.6276122,2097,0.034795,0.036445,0.0751925,0.058555,0.29698,0.2090075,0.113115,0.2090075,0,3.9140363,2015,-96.94137948,18.84669958
2_51_0,2978,0.20299411,0.50127965,0.77646434,-0.7830984,1008,0.00901375,0.01619125,0.03832875,0.027975,0.2682425,0.17145625,0.07905625,0.17145625,0,29.56395,2015,-97.2041367,19.39134813
2_52_0,1374,0.328457,0.60682577,0.8304213,-0.73596656,1963,0.0240425,0.02704,0.048985,0.029295,0.375575,0.1755125,0.0757425,0.1755125,0,11.176351,2015,-96.85729716,19.01513369
2_53_0,1099,0.26342374,0.53005946,0.74847037,-0.68556005,1921,0.03254,0.0332275,0.056135,0.040075,0.3009125,0.1678125,0.0830575,0.1678125,0,26.90403,2015,-96.97129337,18.80735337
2_54_0,820,0.31745598,0.6215983,0.793805,-0.71855426,1661,0.0191475,0.02396,0.0562175,0.0370225,0.3411725,0.17444,0.078355,0.17444,0,42.101326,2015,-96.85972262,19.30726582
2_55_0,990,0.38379303,0.67553586,0.8493088,-0.75887877,1979,0.02284625,0.02471625,0.04992,0.02963875,0.3564075,0.15979625,0.06987125,0.15979625,0,6.147555,2015,-96.83223417,19.00758784
2_56_0,764,0.15426493,0.4047428,0.6288144,-0.5973092,2097,0.03012,0.0342725,0.06147,0.04739,0.27355,0.18214,0.09007,0.18214,0,3.4721642,2015,-96.92197587,18.84993351
2_57_0,739,0.21826641,0.49938086,0.68659437,-0.58765996,2097,0.03084875,0.0339975,0.07135625,0.05375625,0.26688125,0.19337375,0.0984575,0.19337375,0,3.3994355,2015,-96.9252098,18.83160788
2_58_0,2201,0.33909193,0.6486027,0.83548695,-0.77321917,1511,0.01615,0.0178275,0.04035,0.028305,0.31304,0.15266,0.067355,0.15266,0,14.678804,2015,-97.11708994,19.38461077
2_59_0,1473,0.119075134,0.39295548,0.7001939,-0.6334953,1139,0.02935,0.029845,0.0536325,0.040955,0.2433275,0.1850825,0.100025,0.1850825,0,19.481388,2015,-97.22354031,18.78768026
2_60_0,1359,0.30579132,0.61266565,0.8192821,-0.75336975,1699,0.0231075,0.027535,0.0545125,0.03896125,0.41314,0.20744,0.092655,0.20744,0,12.672096,2015,-97.03031269,19.39458207
2_61_0,2139,0.38039297,0.66005987,0.8578856,-0.7778607,1484,0.0121075,0.0126025,0.031165,0.01857,0.27872,0.1219975,0.0531375,0.1219975,0,23.734472,2015,-97.13784103,19.34903748
2_62_0,1378,0.23482412,0.5171147,0.72986674,-0.66552764,1760,0.0364725,0.03947,0.069995,0.055145,0.318375,0.2114,0.1115475,0.2114,0,1.9597288,2015,-97.11978489,18.88308135
2_63_0,814,0.3831578,0.6603553,0.8563962,-0.7572544,1858,0.02578875,0.02336875,0.03893375,0.021155,0.3020675,0.1292025,0.05905,0.1292025,0,11.001767,2015,-96.83250366,18.93212936
2_64_0,656,0.24172236,0.5133141,0.68756175,-0.611317,2062,0.033915,0.040625,0.06695625,0.0514875,0.322995,0.19072,0.09876,0.19072,0,4.188717,2015,-96.87400583,18.89817304
2_65_0,767,0.20419458,0.45312673,0.63243884,-0.5762406,2097,0.03260875,0.03588125,0.06967875,0.05174875,0.25599125,0.18625125,0.09250375,0.18625125,0,2.167423,2015,-96.92871323,18.84885553
2_66_0,862,0.3668801,0.65774333,0.8519099,-0.7616879,1726,0.02028875,0.0233825,0.03953875,0.02435875,0.2902975,0.13851125,0.05971,0.13851125,0,21.504358,2015,-96.85217677,18.9550364
2_67_0,2456,-0.14784856,-0.11099872,0.090836294,-0.13320306,849,0.113335,0.1311275,0.1679225,0.19413,0.230705,0.30446,0.2863375,0.30446,0,2.9474454,2015,-97.37607424,18.8607133
2_68_0,2583,0.028846405,0.09901766,0.30019745,-0.36158252,639,0.049425,0.060095,0.08864,0.1041775,0.1905,0.18467,0.1508175,0.18467,0,5.6326714,2015,-97.39682532,19.14476059
2_69_0,815,0.1520273,0.30264974,0.5392968,-0.52368563,2243,0.0467025,0.053495,0.0797575,0.0715625,0.2981625,0.2155525,0.1485625,0.2155525,0,3.4719386,2015,-97.02788724,18.83484181
2_70_0,2806,-0.018015102,0.070784606,0.26961216,-0.3884722,839,0.0462625,0.0560525,0.085285,0.1026375,0.2235,0.241485,0.1992725,0.241485,0,10.801589,2015,-97.39574735,19.05852232
2_71_0,794,0.34832558,0.6350268,0.7829071,-0.68725866,1921,0.0210175,0.02312125,0.05350875,0.03265,0.30210875,0.1387175,0.06015,0.1387175,0,4.0411506,2015,-96.99878182,18.8356503
2_72_0,1307,0.29461873,0.5833077,0.71039635,-0.64467543,2061,0.028525,0.031275,0.0583625,0.045575,0.2834775,0.1471875,0.071095,0.1471875,0,3.080573,2015,-97.09876431,18.88362033
2_73_0,2219,0.28125605,0.5858067,0.8174196,-0.74753076,1511,0.01770375,0.021705,0.04839375,0.03354375,0.3296775,0.18966125,0.090345,0.18966125,0,15.973494,2015,-97.12167135,19.38110734
2_74_0,2460,0.022125384,0.11980884,0.33485118,-0.4013062,815,0.03962125,0.04954875,0.08325,0.09253125,0.20360375,0.182195,0.15451625,0.182195,0,0.97995794,2015,-97.3679894,18.84993351
2_75_0,2415,0.0018454,0.083827026,0.22048591,-0.34335104,641,0.06068625,0.07654,0.12418375,0.1589025,0.26039125,0.263485,0.22161625,0.263485,0,0.92740995,2015,-97.30223273,19.38703622
2_76_0,934,0.26201954,0.552706,0.7921965,-0.73864484,1671,0.0248125,0.026325,0.046345,0.036995,0.3131775,0.1853575,0.0904275,0.1853575,0,1.3508836,2015,-96.86430402,19.26495517
2_77_0,2752,-0.05047838,0.021280622,0.25335348,-0.3724341,712,0.03945625,0.04783,0.07391375,0.09084,0.2229775,0.2106025,0.18292375,0.2106025,0,4.0440464,2015,-97.40571865,19.06283423
2_78_0,2648,-0.014266505,0.05823366,0.26422432,-0.35496315,712,0.05290375,0.0625975,0.09368625,0.1099525,0.22295,0.19953375,0.1702875,0.19953375,0,2.9479067,2015,-97.41919338,19.09732954
2_79_0,2523,-0.07070361,0.07016912,0.34596235,-0.41105556,721,0.045575,0.0505525,0.07248375,0.08587625,0.1801875,0.226415,0.17365625,0.226415,0,2.697411,2015,-97.46096504,18.93293784
2_80_0,779,0.37905455,0.6892303,0.8568377,-0.75326705,1671,0.016535,0.01410125,0.03252625,0.01707125,0.23940875,0.10666625,0.04228875,0.10666625,0,15.188674,2015,-96.88640258,19.29702503
2_81_0,906,0.40877393,0.7034438,0.87061423,-0.77686214,1758,0.024675,0.0249225,0.04101,0.021925,0.35088,0.14628,0.05564,0.14628,0,11.0345335,2015,-96.8257663,18.9598873
2_82_0,711,0.34289634,0.6635353,0.8549679,-0.73855656,1921,0.026875,0.026765,0.0436775,0.0241525,0.30215,0.151065,0.061855,0.151065,0,11.034456,2015,-96.9548542,18.80331095
2_83_0,1349,0.34232318,0.63301426,0.78915685,-0.7003486,2061,0.027205,0.02820875,0.05603875,0.03827375,0.31753625,0.15457125,0.07115,0.15457125,0,18.99722,2015,-97.09741684,18.89790355
2_84_0,3026,-0.10749648,-0.013836294,0.25176734,-0.35125116,839,0.041945,0.05513125,0.079895,0.10581375,0.19296125,0.22711625,0.20170625,0.22711625,0,9.387057,2015,-97.35667063,19.05367142
2_85_0,1961,0.2643804,0.59631926,0.81177914,-0.7372523,1159,0.022475,0.0229975,0.04190375,0.0293775,0.28544375,0.16447125,0.0750825,0.16447125,0,44.566944,2015,-97.27204933,18.7561494
2_86_0,2442,-0.16311093,-0.028527109,0.27788267,-0.32739502,815,0.0635875,0.07168625,0.0976325,0.10881125,0.19474875,0.26552,0.201885,0.26552,0,11.6372385,2015,-97.38685402,18.82918243
2_87_0,2293,0.34197465,0.6287822,0.8221149,-0.74508464,1466,0.01858375,0.01822625,0.0376,0.028855,0.25010625,0.13328625,0.065705,0.13328625,0,15.662746,2015,-97.16640745,18.77851745
2_88_0,1085,0.29096523,0.5856117,0.7523901,-0.6620574,1807,0.0350425,0.0350425,0.0693075,0.047445,0.328605,0.1910775,0.0915275,0.1910775,0,5.8795834,2015,-97.01333453,18.9154207
2_89_0,2664,-0.019923262,0.047267124,0.25809544,-0.34640917,712,0.05106125,0.062735,0.09172,0.11260625,0.2110975,0.19917625,0.18011875,0.19917625,0,5.4764595,2015,-97.42027135,19.08789723
2_90_0,2460,0.004403729,0.07733718,0.23792753,-0.33389556,734,0.0519825,0.06390375,0.0920775,0.10639125,0.180325,0.17577375,0.1563725,0.17577375,0,10.142112,2015,-97.41973236,18.88847124
2_91_0,2384,0.029073259,0.14852591,0.2524498,-0.35866365,714,0.0698025,0.08711375,0.1252425,0.15833875,0.25692625,0.24017875,0.19986375,0.24017875,0,5.023973,2015,-97.34535186,19.32774741
2_92_0,2554,0.027790962,0.10879165,0.23860563,-0.33393696,1032,0.038645,0.0516525,0.08428125,0.1058275,0.1785925,0.16399,0.13988625,0.16399,0,7.5407352,2015,-97.34265691,18.88281185
2_93_0,2442,-0.049566947,0.049171813,0.20064528,-0.25678128,849,0.06576,0.076375,0.11394,0.1256825,0.206065,0.21569,0.1806,0.21569,0,2.696805,2015,-97.38577605,18.86179127
2_94_0,1228,0.19467458,0.4320876,0.6219907,-0.56444544,1913,0.0421925,0.0462625,0.07258,0.063945,0.2851,0.1923975,0.11306,0.1923975,0,2.1685367,2015,-97.01629897,18.95422792
2_95_0,1141,0.247881,0.545357,0.78275996,-0.7177801,2347,0.0368025,0.036775,0.0611125,0.0407625,0.38168,0.230045,0.11229,0.230045,0,23.51175,2015,-97.03085168,18.78390734
2_96_0,566,0.2866282,0.57593435,0.7604963,-0.70002514,1531,0.027975,0.0327875,0.0592975,0.04541,0.3152675,0.17906,0.0850925,0.17906,0,9.753632,2015,-96.85487171,18.92943441
2_97_0,2633,0.04710359,0.18681833,0.3335582,-0.37614554,667,0.05020875,0.06984375,0.12718125,0.1402025,0.26828375,0.24551375,0.1902525,0.24551375,0,10.378529,2015,-97.41515096,19.10999579
2_98_0,2449,0.021457775,0.09755207,0.20348307,-0.2840842,721,0.0502775,0.06492125,0.0971925,0.1185325,0.21399875,0.1711125,0.14467125,0.1711125,0,8.345277,2015,-97.45341919,18.91056979
2_99_0,1388,0.2738559,0.5868646,0.7659548,-0.6905142,1699,0.02372625,0.0300925,0.06893625,0.04613875,0.4017275,0.2282025,0.10413625,0.2282025,0,11.158999,2015,-97.0246533,19.38110734
2_100_0,1387,0.30900556,0.62338555,0.82349336,-0.72700757,1743,0.030725,0.0317425,0.0601775,0.03749,0.3638325,0.1865675,0.08259,0.1865675,0,30.205723,2015,-97.11170005,18.79819055
2_101_0,2957,-0.01450712,0.093955725,0.3371302,-0.39654732,839,0.04409,0.0610025,0.0865775,0.1109425,0.16806,0.1924525,0.16454,0.1924525,0,8.230693,2015,-97.36691143,19.05636636
2_102_0,2370,0.08575862,0.19943976,0.32852086,-0.3962509,880,0.0570425,0.0724425,0.110915,0.1276625,0.2380475,0.19699,0.164485,0.19699,0,0.92740995,2015,-97.35532316,19.3334068
2_103_0,579,0.40500724,0.683112,0.8275694,-0.7373193,1858,0.029075,0.0339425,0.062735,0.039305,0.4266425,0.1800225,0.0808025,0.1800225,0,0,2015,-96.8405885,18.90598839
2_104_0,792,0.1849932,0.49762446,0.66594523,-0.62176144,2243,0.0292675,0.0304775,0.066915,0.0497825,0.27124,0.1745225,0.0856975,0.1745225,0,2.0969946,2015,-97.00255475,18.83726727
2_105_0,801,0.34017366,0.6557543,0.8367031,-0.74283606,1671,0.025775,0.0284425,0.058335,0.03529,0.3886925,0.196495,0.08028,0.196495,0,44.372,2015,-96.86699897,19.27627395
2_106_0,1266,0.3604776,0.63961583,0.7589505,-0.66807944,1913,0.02847,0.0309175,0.06379375,0.0439525,0.31778375,0.15564375,0.0722225,0.15564375,0,5.6198416,2015,-97.02384482,18.95961781
2_107_0,968,0.27731496,0.5816089,0.7847728,-0.7283825,1671,0.016095,0.01747,0.03953875,0.029515,0.2508625,0.13708125,0.0639175,0.13708125,0,5.6327996,2015,-96.88667207,19.26926709
2_108_0,742,0.4057888,0.6751801,0.8524597,-0.7890368,1524,0.02897875,0.02752125,0.04897125,0.025115,0.4328575,0.18434,0.06896375,0.18434,0,17.091576,2015,-96.8454394,19.23584976
2_109_0,1027,0.33549443,0.64426047,0.84310824,-0.755539,1972,0.0210175,0.02231,0.0474725,0.0272325,0.34692,0.161515,0.067465,0.161515,0,6.2731767,2015,-96.93437262,19.38595824
2_110_0,2627,0.026587382,0.13656305,0.4869699,-0.55667543,712,0.03639,0.0464825,0.071865,0.0802525,0.22031,0.1890975,0.12153,0.1890975,0,2.1697407,2015,-97.44560384,19.06714615
2_111_0,2567,0.033804543,0.14950298,0.3642432,-0.42306098,690,0.04597375,0.057125,0.0915,0.10023125,0.21031375,0.18775,0.1488925,0.18775,0,5.8805146,2015,-97.41676792,19.15500138
2_112_0,2473,-0.006779627,0.029646134,0.14943588,-0.2673606,849,0.0459325,0.05949,0.0887775,0.1030775,0.1512575,0.151945,0.1292025,0.151945,0,2.1678216,2015,-97.38927948,18.88658478
2_113_0,2587,0.003829834,0.18291079,0.42990005,-0.4678902,690,0.04286625,0.0500575,0.0817925,0.0875125,0.21459,0.2147,0.144685,0.2147,0,12.03603,2015,-97.42081034,19.16200824
2_114_0,2628,-0.03728378,0.026138237,0.26431113,-0.36872354,667,0.04347125,0.05312375,0.08314,0.09409875,0.19920375,0.1818375,0.15662,0.1818375,0,1.3502681,2015,-97.40113724,19.12293153
2_115_0,1168,0.33908832,0.6388401,0.8256762,-0.7280116,1807,0.0320175,0.02999625,0.048545,0.02977625,0.30942375,0.15050125,0.06525125,0.15050125,0,6.4804983,2015,-97.03058218,18.9402142
2_116_0,2490,0.029174829,0.10698159,0.1863586,-0.2920379,849,0.049315,0.0594075,0.0883375,0.1040675,0.1673175,0.1655575,0.145125,0.1655575,0,3.3998005,2015,-97.37742171,18.88604579
2_117_0,983,0.38950282,0.68509907,0.8588214,-0.7751408,1979,0.02396,0.02589875,0.047555,0.029185,0.37256375,0.15762375,0.068015,0.15762375,0,22.23103,2015,-96.83843254,19.03777124
2_118_0,2627,0.006145055,0.07502871,0.19722818,-0.29389024,712,0.0526975,0.07044875,0.1025275,0.12989,0.19788375,0.1856325,0.16155625,0.1856325,0,5.880241,2015,-97.43994446,19.08493279
2_119_0,926,0.37804088,0.6771488,0.85360163,-0.77503306,1671,0.0218975,0.019615,0.0423025,0.0257475,0.3342975,0.143475,0.0618825,0.143475,0,5.0236874,2015,-96.86214807,19.26630265
2_120_0,726,0.42841658,0.72426814,0.8927714,-0.7813456,1671,0.0162875,0.019505,0.0327875,0.0155725,0.2786925,0.1047825,0.042715,0.1047825,0,21.544828,2015,-96.87616179,19.29756402
2_121_0,2420,0.015888406,0.081646994,0.2011572,-0.2954255,719,0.062075,0.0768425,0.11653875,0.1400925,0.2200625,0.21438375,0.178675,0.21438375,0,3.8321698,2015,-97.36017406,19.2886707
2_122_0,2696,0.066832915,0.2836506,0.57999414,-0.59937924,1330,0.020935,0.0308625,0.06118125,0.0669975,0.26728,0.2475625,0.15932875,0.2475625,0,26.132717,2015,-97.18069067,19.3881142
2_123_0,949,0.41112515,0.72529286,0.88467926,-0.7689423,2347,0.0256375,0.022365,0.03837,0.01791,0.288785,0.115865,0.045025,0.115865,0,15.326877,2015,-97.01414301,18.79603459
2_124_0,559,0.2101022,0.502451,0.66168976,-0.5964376,1531,0.0250325,0.03133,0.061745,0.046125,0.28719,0.17444,0.0826725,0.17444,0,9.245498,2015,-96.88236016,18.9200021
2_125_0,802,0.34515473,0.66719353,0.7964069,-0.7171696,1921,0.022365,0.024125,0.05498,0.03309,0.3123525,0.151835,0.063725,0.151835,0,10.807274,2015,-96.97883922,18.82271456
2_126_0,1259,0.36956838,0.67619216,0.86240125,-0.77513874,1758,0.02466125,0.02528,0.04162875,0.02451,0.36667875,0.172075,0.067135,0.172075,0,10.371751,2015,-96.84759536,18.98333333
2_127_0,996,0.3744146,0.65007323,0.84210956,-0.7685913,1979,0.02488125,0.026875,0.04657875,0.0297075,0.36353,0.1690225,0.07619625,0.1690225,0,30.669985,2015,-96.82980872,19.00704885
2_128_0,968,0.3700288,0.6650621,0.87185156,-0.8062697,1671,0.01121375,0.01267125,0.03353,0.02224125,0.326625,0.15134,0.06456375,0.15134,0,11.614188,2015,-96.87265836,19.25498387
2_129_0,594,0.20802437,0.48658228,0.6770006,-0.58658946,2384,0.0311375,0.0369675,0.0664475,0.05168,0.2701125,0.184505,0.09689,0.184505,0,6.464861,2015,-96.83492911,18.87742196
2_130_0,2849,0.2543092,0.49667513,0.6446649,-0.649644,870,0.02066,0.0258025,0.0475,0.04442,0.2433275,0.1351425,0.075275,0.1351425,0,4.3326144,2015,-97.39170493,19.03615427
2_131_0,2793,0.3928707,0.66183347,0.82627165,-0.78362095,1008,0.0038025,0.00911,0.02484,0.02121,0.2273775,0.0954875,0.0456025,0.0954875,0,9.64067,2015,-97.23836251,19.39161763
2_132_0,2433,-0.03602672,0.016152717,0.16810335,-0.20707546,762,0.0806925,0.1070925,0.1559875,0.1656125,0.234005,0.24572,0.2246,0.24572,0,0.9825741,2015,-97.3480468,19.29190463
2_133_0,1377,-0.068068445,0.12368489,0.5100454,-0.4919938,1139,0.042055,0.0441175,0.055805,0.059215,0.200565,0.1963025,0.15695,0.1963025,0,9.8708315,2015,-97.21114356,18.76477322
2_134_0,2497,-0.04123479,0.069150634,0.22114326,-0.28713822,849,0.05460875,0.067905,0.103105,0.1193575,0.1839275,0.20522625,0.1650625,0.20522625,0,2.0971074,2015,-97.36233002,18.87849994
2_135_0,613,0.3791257,0.6923036,0.8557943,-0.76818985,1531,0.02847,0.029405,0.0465925,0.0292675,0.3677925,0.1661625,0.06928,0.1661625,0,8.045116,2015,-96.8605311,18.94048369
2_136_0,1289,0.25322884,0.54888165,0.75210077,-0.6899699,1963,0.02864875,0.0340525,0.07688375,0.0562175,0.39753375,0.23778625,0.1199625,0.23778625,0,10.72419,2015,-96.85352424,19.01702015
2_137_0,2464,0.08108509,0.2045162,0.42285177,-0.4796425,1039,0.0324575,0.03937375,0.07357,0.07753,0.216295,0.17136,0.12291875,0.17136,0,2.1674347,2015,-97.34723832,18.84993351
2_138_0,2516,0.006726984,0.085094,0.30650994,-0.379185,849,0.0449975,0.0514875,0.07875375,0.08826875,0.16172125,0.1630275,0.133905,0.1630275,0,4.0419073,2015,-97.37391828,18.8952086
2_139_0,806,0.27012724,0.5734431,0.7826066,-0.73623097,1719,0.02730125,0.02969375,0.05201,0.039415,0.33141,0.194515,0.09172,0.194515,0,15.2590475,2015,-96.82684428,19.10514488
2_140_0,1093,0.42693758,0.7277563,0.88697827,-0.7628737,2243,0.02336875,0.0193675,0.03211375,0.01390875,0.23316625,0.09469,0.03678875,0.09469,0,38.002197,2015,-97.00363272,18.81462972
2_141_0,1312,0.4043685,0.70715934,0.8736458,-0.7904301,1699,0.02279125,0.02287375,0.0446675,0.0255,0.39021875,0.15651,0.06147,0.15651,0,18.764297,2015,-97.01225655,19.37841239
2_142_0,2956,-0.10306115,-0.028276246,0.25926754,-0.3497747,802,0.04871,0.0605625,0.08505125,0.107505,0.192975,0.21751875,0.1847525,0.21751875,0,5.228353,2015,-97.35505366,18.97039759
2_143_0,696,0.39809325,0.70445806,0.85875976,-0.7602038,1531,0.0227225,0.0238225,0.0438425,0.0216775,0.30105,0.1287625,0.047665,0.1287625,0,28.110973,2015,-96.88478561,18.9151512
2_144_0,2540,0.041958995,0.121882364,0.26824075,-0.33380634,690,0.05540625,0.06895,0.10168875,0.12467875,0.2075775,0.19494125,0.16928375,0.19494125,0,7.082767,2015,-97.40329319,19.15958279
2_145_0,2353,0.30708918,0.5872081,0.79218787,-0.7610006,1511,0.01234125,0.01505,0.0392775,0.0302025,0.27895375,0.13232375,0.067135,0.13232375,0,16.357702,2015,-97.13218164,19.38083784
2_146_0,2468,-0.00420035,0.038553406,0.22909927,-0.31798336,849,0.0453825,0.056905,0.0817375,0.094855,0.15321,0.1545025,0.1350325,0.1545025,0,5.61787,2015,-97.39062695,18.88173387
2_147_0,602,0.28388762,0.54127544,0.6650777,-0.61705613,2062,0.03997875,0.04706,0.08428125,0.07231875,0.37220625,0.21413625,0.11728125,0.21413625,0,2.0971644,2015,-96.8554107,18.89952052
2_148_0,585,0.34358472,0.6199052,0.8114577,-0.72109485,2285,0.0255825,0.02697125,0.0471425,0.0330075,0.3393575,0.15809125,0.068675,0.15809125,0,8.002884,2015,-96.84382244,18.81597719
2_149_0,2381,0.2682184,0.44667074,0.5864169,-0.55579144,880,0.0275625,0.03507,0.0563275,0.0574,0.290985,0.1554375,0.1080275,0.1554375,0,0.98277605,2015,-97.3534367,19.32559145
2_150_0,2624,-0.0374181,0.023980908,0.20111115,-0.30742273,667,0.045355,0.0583625,0.0857525,0.104755,0.193195,0.1839,0.1666025,0.1839,0,5.2325115,2015,-97.40194572,19.12185355
2_151_0,2472,0.053033583,0.1359285,0.2635313,-0.33503792,849,0.04248125,0.05502125,0.0827825,0.09368625,0.184835,0.1514225,0.121035,0.1514225,0,2.1676223,2015,-97.36691143,18.86772015
2_152_0,1545,0.35526,0.66203874,0.85162574,-0.75020045,2243,0.0277825,0.0272875,0.05306875,0.03078,0.3841,0.17967875,0.0778325,0.17967875,0,12.656013,2015,-97.04998579,18.8108568
2_153_0,841,0.32108772,0.6072329,0.82889766,-0.7354378,1649,0.02350625,0.0261325,0.05493875,0.033035,0.36398375,0.18143875,0.07913875,0.18143875,0,7.3821917,2015,-96.88209067,19.3730225
2_154_0,2458,0.059179943,0.17458294,0.41384983,-0.48932266,1039,0.029075,0.0348775,0.0635875,0.0730475,0.253475,0.1791425,0.1252975,0.1791425,0,4.7958407,2015,-97.34912478,18.83753676
2_155_0,874,0.3525223,0.64959824,0.8302026,-0.7408761,1531,0.02633875,0.024895,0.041725,0.02462,0.29933125,0.13743875,0.0606175,0.13743875,0,20.116047,2015,-96.89421792,18.92566149
2_156_0,586,0.24612348,0.5438983,0.7042173,-0.6406915,2384,0.028525,0.0362525,0.064825,0.0562725,0.2912325,0.1895375,0.0937825,0.1895375,0,0.98021775,2015,-96.8357376,18.89440012
2_157_0,681,0.2597512,0.5052271,0.6967025,-0.64312154,2097,0.02001375,0.0283325,0.061965,0.04759625,0.28527875,0.16804625,0.08703125,0.16804625,0,8.797092,2015,-96.92952171,18.80708387
2_158_0,2401,-0.003344694,0.06309283,0.19971405,-0.28602833,880,0.06668125,0.08406125,0.12263,0.14615625,0.23088375,0.2260025,0.19252125,0.2260025,0,1.9647173,2015,-97.35882659,19.30430138
2_159_0,2394,-0.00536325,0.09047214,0.25581643,-0.327084,815,0.06805625,0.0847625,0.12124125,0.1482875,0.24276375,0.25068375,0.20843,0.25068375,0,5.547545,2015,-97.39413038,18.83726727
2_160_0,2636,0.2872002,0.5404969,0.7968988,-0.766387,1330,0.00922,0.0101,0.03045,0.0255,0.22119,0.118065,0.0606175,0.118065,0,28.93324,2015,-97.18661955,19.39027016
2_161_0,1509,0.4002078,0.710781,0.8735553,-0.7807814,1727,0.02726,0.02572,0.0457125,0.0262975,0.387455,0.165805,0.0646325,0.165805,0,36.08082,2015,-97.11789843,18.80358044
2_162_0,796,0.37497804,0.6659747,0.8368657,-0.73245645,2347,0.030945,0.0283875,0.0514875,0.02870375,0.34674125,0.15627625,0.0697475,0.15627625,0,3.0790012,2015,-97.00632767,18.78929723
2_163_0,1457,0.36440068,0.66657263,0.8590216,-0.7565232,2243,0.030835,0.03023,0.05515875,0.03260875,0.41601375,0.20030375,0.08755375,0.20030375,0,34.28691,2015,-97.04917731,18.80196348
2_164_0,2459,-0.002501429,0.1103354,0.2935537,-0.36609522,849,0.048105,0.0603975,0.093975,0.1081375,0.202875,0.18555,0.15728,0.18555,0,0,2015,-97.36933688,18.85155048
2_165_0,2631,-0.022638243,0.05638336,0.25655133,-0.32904983,667,0.04882,0.062185,0.08721,0.111025,0.20271,0.1993825,0.174055,0.1993825,0,2.097761,2015,-97.4081441,19.11619416
2_166_0,2978,-0.043285035,0.018246917,0.20628902,-0.30773562,802,0.063835,0.084185,0.12626,0.160855,0.2355725,0.256885,0.22416,0.256885,0,8.823793,2015,-97.36367749,18.98629777
2_167_0,574,0.40518802,0.6894788,0.85953915,-0.7611864,1858,0.0293225,0.0295975,0.0484625,0.0275625,0.401095,0.1684175,0.071645,0.1684175,0,1.3493598,2015,-96.8457089,18.91110878
2_168_0,1242,0.39596412,0.7002639,0.8730336,-0.7865596,2097,0.02583,0.02363,0.0426325,0.023465,0.3444175,0.1573625,0.06312,0.1573625,0,20.12449,2015,-97.09768633,18.78741077
2_169_0,1193,0.3366278,0.62479585,0.83250797,-0.7592772,1963,0.02680625,0.0287175,0.05672625,0.03373625,0.40577,0.19150375,0.08897,0.19150375,0,21.836489,2015,-96.85271576,19.02618297
2_170_0,2000,0.35596967,0.66363484,0.8624615,-0.76977354,1511,0.0151325,0.0162325,0.0330625,0.02066,0.273825,0.1229325,0.052505,0.1229325,0,19.84262,2015,-97.12679175,19.36466817
2_171_0,705,0.36302346,0.6812041,0.86108273,-0.7647467,2097,0.029405,0.0281125,0.04706,0.0251425,0.3394125,0.1593425,0.0640825,0.1593425,0,6.887884,2015,-96.94784735,18.81220427
2_172_0,1004,0.31576696,0.59951353,0.7819865,-0.6719593,2000,0.0370225,0.03747625,0.06195125,0.039855,0.33537,0.17456375,0.08263125,0.17456375,0,7.540567,2015,-97.02896522,18.86852864
2_173_0,1387,0.36901486,0.62647444,0.84054095,-0.7790764,1699,0.01984875,0.019395,0.0420825,0.0273425,0.32624,0.15437875,0.07754375,0.15437875,0,10.339881,2015,-97.02438381,19.38838369
2_174_0,920,0.38068146,0.68787444,0.8628974,-0.7645051,1671,0.02017875,0.0198625,0.04613875,0.02462,0.3469475,0.15506625,0.0639175,0.15506625,0,8.337181,2015,-96.86753796,19.27115355
2_175_0,1321,0.2130583,0.48688322,0.7022975,-0.6588153,1760,0.0408725,0.0418625,0.079675,0.06609,0.355005,0.2350775,0.121805,0.2350775,0,8.080405,2015,-97.12301883,18.86475571
2_176_0,916,0.31553265,0.6221918,0.83527344,-0.7579631,1570,0.02759,0.02715,0.0514875,0.0292125,0.35517,0.18291,0.0804175,0.18291,0,6.843561,2015,-96.85190727,19.23477178
2_177_0,985,0.37323436,0.6776714,0.86092395,-0.7782249,1531,0.0248125,0.02704,0.0441725,0.02704,0.37398,0.17488,0.077255,0.17488,0,28.699162,2015,-96.87400583,18.93940571
2_178_0,2788,-0.017528253,0.03541569,0.2398949,-0.29646483,839,0.049205,0.057015,0.0859175,0.098155,0.2043325,0.19677,0.1525775,0.19677,0,7.7591968,2015,-97.3979033,19.06310373
2_179_0,2526,0.015279014,0.12777922,0.2780387,-0.35450342,849,0.04220625,0.0528625,0.08017,0.0990625,0.1734775,0.16790875,0.14128875,0.16790875,0,2.9474964,2015,-97.35882659,18.88712376
2_180_0,867,0.3419925,0.6791772,0.8527904,-0.75630194,1671,0.019065,0.02163625,0.04429625,0.02595375,0.32185375,0.16026375,0.064715,0.16026375,0,12.852331,2015,-96.85352424,19.26684163
2_181_0,1180,0.33546954,0.62217015,0.7647012,-0.6714775,1913,0.0277,0.031275,0.0619925,0.04266,0.306385,0.160965,0.071535,0.160965,0,5.227845,2015,-97.0049802,18.95153297
2_182_0,1033,0.16637829,0.34463304,0.5217455,-0.49526677,1588,0.063175,0.075715,0.1214475,0.1129775,0.35561,0.2533375,0.1750175,0.2533375,0,0.9804294,2015,-96.97075439,18.93051239
2_183_0,711,0.38453868,0.6901691,0.84891653,-0.73300046,2062,0.02792,0.0286625,0.0480775,0.0295975,0.31869125,0.14698125,0.06371125,0.14698125,0,24.433647,2015,-96.8802042,18.8900882
2_184_0,1599,0.42245248,0.72621506,0.8789542,-0.7688325,2103,0.0251975,0.0245375,0.0519,0.02572,0.4108025,0.16751,0.0655675,0.16751,0,27.91764,2015,-97.05025529,18.81193478
2_185_0,2553,0.021494796,0.09187951,0.22756138,-0.31196606,690,0.051735,0.0638625,0.09766,0.1200725,0.194625,0.18473875,0.16730375,0.18473875,0,3.4016633,2015,-97.40086774,19.16093026
2_186_0,2564,0.25726616,0.5419258,0.75593245,-0.74254984,1330,0.006305,0.011695,0.02928125,0.028415,0.1928925,0.11922,0.06214375,0.11922,0,14.43459,2015,-97.17125836,19.37922088
2_187_0,2566,-0.11527759,0.04000985,0.3639222,-0.4019673,779,0.0358125,0.04113375,0.0622675,0.069885,0.15077625,0.18957875,0.1410825,0.18957875,0,8.012288,2015,-97.45557514,19.02618297
2_188_0,667,0.30833507,0.5856731,0.7434062,-0.65996855,2212,0.02136125,0.027315,0.06147,0.0452175,0.32226625,0.1681975,0.078685,0.1681975,0,2.166894,2015,-96.92224536,18.79872954
2_189_0,2447,0.31998,0.62214315,0.84757215,-0.7567439,1334,0.0095775,0.0111725,0.0287725,0.0179925,0.26886125,0.1239225,0.055695,0.1239225,0,25.26641,2015,-97.16155655,19.33232882
2_190_0,2351,0.3114704,0.60657305,0.8319055,-0.77463555,1334,0.01011375,0.01258875,0.03233375,0.0226125,0.28566375,0.16078625,0.0694175,0.16078625,0,30.26883,2015,-97.15481919,19.33798821
2_191_0,824,0.3880633,0.66234225,0.8425231,-0.76689315,2289,0.023465,0.0263525,0.0423575,0.0271775,0.3410075,0.1486725,0.066145,0.1486725,0,8.002514,2015,-96.88505511,18.80789236
2_192_0,804,0.3950513,0.6842801,0.8558245,-0.7570555,1832,0.02191125,0.02534875,0.0520375,0.02968,0.399005,0.17926625,0.07313,0.17926625,0,7.3788605,2015,-96.82522731,19.09059218
2_193_0,1196,0.35163185,0.6424894,0.8134754,-0.728633,1913,0.02625625,0.0273425,0.05034625,0.03755875,0.30609625,0.15998875,0.0746975,0.15998875,0,6.1251884,2015,-97.0098311,18.95180246
2_194_0,2737,0.15334862,0.43635288,0.66964555,-0.65058994,1330,0.01318,0.019395,0.050305,0.0446675,0.2279825,0.166905,0.0939475,0.166905,0,6.495025,2015,-97.17098886,19.39566005
3_0_0,910,0.3708709,0.6409381,0.82239294,-0.72330046,2150,0.03001,0.0292675,0.05003,0.030615,0.2857325,0.1398725,0.06681875,0.1398725,0,39.090843,2022,-97.02276684,18.84157918
3_1_0,2496,-0.040432952,0.025627015,0.16081794,-0.27308074,595,0.05157,0.061745,0.0878975,0.11163,0.16894,0.1790325,0.15563,0.1790325,0,2.947469,2022,-97.35936558,18.87311005
3_2_0,1136,0.29894307,0.5730469,0.7479831,-0.6400042,1933,0.028415,0.03034,0.05922875,0.03909875,0.27381125,0.1408625,0.0724425,0.1408625,0,2.167549,2022,-97.05295023,18.8607133
3_3_0,558,0.333378,0.5927955,0.80281883,-0.6912947,1864,0.0310275,0.03408,0.06719,0.0407625,0.4417125,0.2009225,0.098705,0.2009225,0,6.050864,2022,-96.84705637,18.9200021
3_4_0,1956,0.3138846,0.6029665,0.8061639,-0.73718345,1345,0.01846,0.0226675,0.04578125,0.03276,0.24820875,0.15099625,0.07053125,0.15099625,0,23.624763,2022,-97.18042117,18.76746817
3_5_0,2938,-0.04501847,0.026639882,0.21521941,-0.3228611,494,0.04765125,0.06090625,0.10947125,0.1267275,0.21569,0.2273225,0.19329125,0.2273225,0,10.7056465,2022,-97.37176233,19.02995589
3_6_0,2576,-0.057973407,0.009366039,0.16298294,-0.27998665,428,0.0574,0.0710125,0.108,0.125875,0.1994925,0.2015,0.166795,0.2015,0,1.8543341,2022,-97.45961756,19.04370012
3_7_0,3052,-0.122011386,-0.089484975,0.22155322,-0.34708092,474,0.05829375,0.07163125,0.1032425,0.12616375,0.20348,0.25364,0.2268275,0.25364,0,4.0440426,2022,-97.35074175,19.06256474
3_8_0,2800,-0.057746034,0.005810746,0.25652164,-0.34825984,474,0.0451075,0.055365,0.092875,0.0971375,0.2061475,0.2096675,0.1694075,0.2096675,0,5.6326017,2022,-97.38766251,19.07630896
3_9_0,2494,0.24377546,0.5116014,0.7361953,-0.7243825,1028,0.0113375,0.0171125,0.04024,0.032595,0.2240225,0.1415225,0.07654,0.1415225,0,6.135747,2022,-97.13972749,19.40078044
