index,clase,DEM,ENTIDAD,year,FUENTE_INF,LATITUD,LONGITUD,LAT,LON,LITOLOGIA,MUNICIPIO,Moisture,NBR,NDVI,NDWI,PRE_ANUAL,SR_B1,SR_B2,SR_B3,SR_B4,SR_B5,SR_B7,SWIR,TIPO,slope
1_0000000000000000027d,1,2678,Puebla,2015,Campo_2015,19 20 34.308,-97 17 36.372,19.342863,-97.293437,Basalto,Guadalupe Victoria,0.0472030080,0.2471345660,0.426256657,-0.479330629,592,0.03265,0.04216500,0.06900500,0.08055500,0.20188500,0.12304250,0.18860250,Cado,11.36259324
1_0000000000000000027f,1,2702,Puebla,2015,Campo_2015,19 20 37.872,-97 17 28.044,19.343853,-97.291123,Basalto,Guadalupe Victoria,0.1269175560,0.3107427660,0.453905910,-0.467284203,606,0.03335125,0.04497000,0.06996750,0.07242875,0.20396125,0.10819250,0.14845250,Cado,22.88642884
1_00000000000000000280,1,2580,Puebla,2015,Campo_2015,19 20 40.890,-97 18 6.606,19.344692,-97.301835,Toba rioltica,Guadalupe Victoria,-0.0314079040,0.0717227760,0.204116553,-0.289101571,505,0.06413750,0.08014250,0.11949500,0.14672000,0.20815500,0.18951000,0.22666250,Cado,8.28345064
1_00000000000000000281,1,2805,Puebla,2015,Campo_2015,19 21 22.511,-97 15 56.037,19.356253,-97.265566,Toba rioltica,Lafragua,0.0221612790,0.1329483690,0.273861945,-0.326959670,806,0.01910625,0.02631125,0.04337500,0.04864125,0.08429500,0.06734125,0.08162750,Cado,29.15515953
1_000000000000000002e9,1,2858,Puebla,2015,Campo_2015,19 21 4.164,-97 13 34.656,19.351157,-97.226293,Andesita-Dacita,Lafragua,0.0077913860,0.1372755910,0.487790972,-0.538454711,1084,0.02049500,0.02823625,0.05150125,0.06020500,0.18638875,0.12843250,0.16080000,Cado,23.01113873
1_000000000000000002f2,1,3129,Puebla,2015,Campo_2015,19 19 3.324,-97 13 38.281,19.31759,-97.2273,Toba rioltica,Chilchotla,0.1445679070,0.4045633380,0.764761388,-0.709988356,1149,0.01007250,0.01290500,0.03163250,0.02715000,0.17373875,0.07549500,0.13840125,Cado,5.629007065
1_0000000000000000001d,1,1010,Veracruz de Ignacio de la Llave,2015,Campo_2015,19 19 11.052,-97 2 3.762,19.319737,-97.034378,Toba andestica,Ixhuacn de los Reyes,0.3043535350,0.5612952110,0.776023388,-0.706642747,1860,0.02096250,0.02682000,0.05239500,0.03663750,0.28655750,0.08036250,0.15871000,Cado,24.23317886
1_0000000000000000001e,1,1128,Veracruz de Ignacio de la Llave,2015,Campo_2015,19 19 22.158,-97 1 56.586,19.322822,-97.032385,Toba andestica,Ixhuacn de los Reyes,0.3854400220,0.6651812200,0.828463316,-0.765223920,1883,0.02365750,0.02332750,0.04057000,0.02855250,0.32093250,0.06356000,0.13701250,Cado,23.13843196
1_0000000000000000001f,1,1216,Veracruz de Ignacio de la Llave,2015,Campo_2015,19 19 33.504,-97 1 57.576,19.325973,-97.03266,Toba andestica,Ixhuacn de los Reyes,0.3347295820,0.6145446900,0.805492401,-0.737001598,1950,0.02277750,0.02533500,0.04884750,0.03181125,0.32343500,0.07467000,0.15743125,Cado,31.85364593
1_00000000000000000020,1,1276,Veracruz de Ignacio de la Llave,2015,Campo_2015,19 19 36.894,-97 1 54.090,19.326915,-97.031692,Toba andestica,Ixhuacn de los Reyes,0.3617723880,0.6510136130,0.838170707,-0.766856730,1950,0.02173250,0.02459250,0.04444750,0.03035375,0.33970125,0.07472500,0.16053875,Cado,32.19264672
1_00000000000000000021,1,1314,Veracruz de Ignacio de la Llave,2015,Campo_2015,19 19 37.686,-97 2 2.586,19.327135,-97.034052,Toba andestica,Ixhuacn de los Reyes,0.31072098,0.6156359910,0.800216198,-0.734337330,1967,0.02314875,0.02624250,0.04909500,0.03665125,0.33703375,0.07747500,0.17323000,Cado,33.88658153
1_00000000000000000022,1,1297,Veracruz de Ignacio de la Llave,2015,Campo_2015,19 19 38.568,-97 1 59.178,19.32738,-97.033105,Toba andestica,Ixhuacn de los Reyes,0.3088897470,0.6013050680,0.806779206,-0.745704412,1981,0.02335500,0.02822250,0.05547500,0.03889250,0.38247750,0.09447000,0.19946500,Cado,33.19721711
1_00000000000000000024,1,1490,Veracruz de Ignacio de la Llave,2015,Campo_2015,19 20 45.090,-97 4 2.274,19.345858,-97.067298,Toba andestica,Ixhuacn de los Reyes,0.3418320120,0.6240245100,0.835203409,-0.747893155,2015,0.01513250,0.01659000,0.04139500,0.02484000,0.27723500,0.06056250,0.13184250,Cado,4.989079501
1_0000000000000000027b,1,1463,Veracruz de Ignacio de la Llave,2015,Campo_2015,19 19 23.280,-97 4 33.278,19.323133,-97.075911,Caliza-Doloma,Ixhuacn de los Reyes,0.2254728230,0.5056437850,0.747748494,-0.689970374,2074,0.02385000,0.02737000,0.05212000,0.03771000,0.30459750,0.08844750,0.17358750,Cado,50.36091036
1_00000000000000000283,1,1031,Veracruz de Ignacio de la Llave,2015,Campo_2015,19 20 53.694,-96 57 42.564,19.348248,-96.961823,Toba andestica,Cosautln de Carvajal,0.3166854680,0.5835208890,0.773047686,-0.702647924,1783,0.01638375,0.01910625,0.04461250,0.03310375,0.25728375,0.06780875,0.13240625,Cado,21.4620501
1_00000000000000000285,1,984,Veracruz de Ignacio de la Llave,2015,Campo_2015,19 20 57.120,-96 58 5.370,19.3492,-96.968158,Toba andestica,Cosautln de Carvajal,0.2171923520,0.4617853160,0.684996128,-0.643133402,1774,0.02338250,0.02680625,0.05400375,0.04582250,0.24921250,0.09411250,0.16353625,Cado,21.81731012
1_00000000000000000287,1,1070,Veracruz de Ignacio de la Llave,2015,Campo_2015,19 21 13.254,-96 58 15.618,19.353682,-96.971005,Toba andestica,Cosautln de Carvajal,0.2360139340,0.5133634810,0.736026824,-0.687035203,1835,0.01771750,0.02539000,0.05476000,0.04128500,0.31909000,0.08927250,0.17749250,Cado,17.08850808
1_00000000000000000288,1,1113,Veracruz de Ignacio de la Llave,2015,Campo_2015,19 21 24.954,-96 58 26.214,19.356932,-96.973948,Toba andestica,Teocelo,0.2327177080,0.4964931310,0.660977542,-0.646811247,1870,0.02801625,0.03130250,0.05583250,0.05374250,0.25145375,0.08916250,0.16144625,Cado,19.05056097
1_00000000000000000298,1,1840,Veracruz de Ignacio de la Llave,2015,Campo_2015,18 57 38.809,-97 8 23.671,18.96078,-97.139909,Lutita-Caliza,La Perla,0.0838108140,0.2538295690,0.482179314,-0.478549033,1495,0.05426500,0.06163500,0.09953000,0.09788000,0.27679500,0.16363250,0.22405000,Cado,26.5502108
1_000000000000000002e7,1,1362,Veracruz de Ignacio de la Llave,2015,Campo_2015,19 20 23.478,-97 1 43.134,19.339855,-97.028648,Toba andestica,Ixhuacn de los Reyes,0.3761051000,0.6818141940,0.847360611,-0.771008015,2011,0.02398750,0.02244750,0.03837000,0.02371250,0.30762250,0.05800500,0.13797500,Cado,32.25990683
1_00000000000000000025,1,1019,Veracruz de Ignacio de la Llave,2015,Campo_2015,19 19 10.688,-97 1 53.970,19.319636,-97.031658,Toba andestica,Ixhuacn de los Reyes,0.2904423480,0.5626922850,0.746725202,-0.676397741,1870,0.02869000,0.03058750,0.05804625,0.04521750,0.32080875,0.08920375,0.17813875,Deslizamiento,30.84424642
1_00000000000000000026,1,1345,Veracruz de Ignacio de la Llave,2015,Campo_2015,19 19 49.290,-97 1 57.552,19.330358,-97.032653,Toba andestica,Ixhuacn de los Reyes,0.3005661070,0.5589304570,0.783510089,-0.737816453,1995,0.02539000,0.02339625,0.04286625,0.03244375,0.28197875,0.07159000,0.15083125,Deslizamiento,17.09620371
1_00000000000000000027,1,1473,Veracruz de Ignacio de la Llave,2015,Campo_2015,19 20 47.022,-97 3 48.840,19.346395,-97.063567,Toba andestica,Ixhuacn de los Reyes,0.3244726960,0.6197028760,0.823772192,-0.764379442,2004,0.02569250,0.02668250,0.05080000,0.03566125,0.37508000,0.08580750,0.18667750,Deslizamiento,9.194476816
1_00000000000000000289,1,1008,Veracruz de Ignacio de la Llave,2015,Campo_2015,19 20 54.576,-96 57 49.806,19.348493,-96.963835,Toba andestica,Cosautln de Carvajal,0.2711658780,0.5436239840,0.731398165,-0.693347752,1787,0.02094875,0.02539000,0.05278000,0.04399375,0.29108125,0.08457000,0.16613500,Deslizamiento,24.38334407
1_0000000000000000028a,1,992,Veracruz de Ignacio de la Llave,2015,Campo_2015,19 20 55.716,-96 58 7.830,19.34881,-96.968842,Toba andestica,Cosautln de Carvajal,0.2583945390,0.5346585510,0.745547295,-0.715094864,1769,0.02239250,0.02908875,0.05899500,0.05250500,0.35438625,0.10963625,0.20579000,Deslizamiento,17.85314949
1_0000000000000000028b,1,1066,Veracruz de Ignacio de la Llave,2015,Campo_2015,19 21 5.226,-96 58 2.802,19.351452,-96.967445,Toba andestica,Cosautln de Carvajal,0.1074920670,0.3945249020,0.622380495,-0.613642156,1793,0.02792000,0.03390125,0.06559500,0.06471500,0.29159000,0.12272625,0.23340000,Deslizamiento,18.51470771
1_00000000000000000269,1,2785,Puebla,2015,Campo_2015,19 20 13.344,-97 16 51.165,19.33704,-97.280879,Basalto,Lafragua,-0.0152232870,0.1084424480,0.302341789,-0.379950821,808,0.03409375,0.05133625,0.09247625,0.10943000,0.19550500,0.15187625,0.19336000,Flujo,22.03289701
1_0000000000000000026a,1,2773,Puebla,2015,Campo_2015,19 20 15.864,-97 16 58.158,19.33774,-97.282822,Basalto,Guadalupe Victoria,0.0380514710,0.1818156090,0.309450358,-0.393866152,795,0.03487750,0.05071750,0.08298875,0.10163375,0.18706250,0.13936375,0.18361125,Flujo,6.46486075
1_0000000000000000026b,1,2767,Puebla,2015,Campo_2015,19 20 17.316,-97 17 3.780,19.338143,-97.284383,Basalto,Guadalupe Victoria,0.0542213810,0.1782562880,0.262848854,-0.335791260,742,0.05085500,0.06668125,0.10520875,0.12580625,0.22087375,0.14959375,0.19263125,Flujo,12.12162801
1_0000000000000000026c,1,2821,Puebla,2015,Campo_2015,19 20 26.172,-97 16 43.158,19.340603,-97.278655,Basalto,Lafragua,0.0627769230,0.2385625690,0.441459388,-0.509195268,939,0.03064250,0.04125750,0.07794250,0.08602750,0.26212375,0.14056000,0.21079500,Flujo,21.95163053
1_00000000000000000011,1,1469,Veracruz de Ignacio de la Llave,2015,Campo_2015,19 21 0.890,-97 3 19.703,19.350247,-97.055473,Toba andestica,Ixhuacn de los Reyes,0.3515436650,0.6553082470,0.863974929,-0.770940542,2029,0.02294250,0.02361625,0.04685375,0.02775500,0.37325125,0.07916625,0.17585625,Flujo,25.16220251
1_00000000000000000015,1,1043,Veracruz de Ignacio de la Llave,2015,Campo_2015,19 19 13.518,-97 2 3.906,19.320422,-97.034418,Toba andestica,Ixhuacn de los Reyes,0.3036811650,0.5590838790,0.739930570,-0.694738269,1860,0.02863500,0.03265000,0.05918750,0.04783000,0.32629500,0.09240750,0.18390000,Flujo,29.34935627
1_00000000000000000255,1,2355,Veracruz de Ignacio de la Llave,2015,Campo_2015,18 47 21.928,-97 19 43.133,18.789424,-97.328648,Caliza-Lutita,Aquila,0.1074099840,0.3000885550,0.477230936,-0.488259971,552,0.04549250,0.05495250,0.09884250,0.10140000,0.28633750,0.15450250,0.22908250,Flujo,41.62950475
1_00000000000000000259,1,1624,Veracruz de Ignacio de la Llave,2015,Campo_2015,18 49 25.696,-97 11 20.653,18.823804,-97.18907,Caliza-Doloma,Nogales,0.2149736290,0.4411249460,0.636124015,-0.596201718,1237,0.03276000,0.03432750,0.06191000,0.05547500,0.24182875,0.09565250,0.15862750,Flujo,20.33570725
1_0000000000000000025a,1,1549,Veracruz de Ignacio de la Llave,2015,Campo_2015,18 49 27.434,-97 11 8.762,18.824287,-97.185767,Caliza-Doloma,Nogales,0.3374410270,0.6373040080,0.810547829,-0.743567050,1218,0.02683375,0.02757625,0.04942500,0.03579875,0.35037125,0.07802500,0.16887125,Flujo,10.99529617
1_0000000000000000025d,1,2161,Veracruz de Ignacio de la Llave,2015,Campo_2015,18 50 41.318,-97 12 17.989,18.844811,-97.204997,Caliza-Doloma,Nogales,0.2894800010,0.5481960770,0.743555963,-0.680247545,1102,0.03548250,0.03820500,0.06584250,0.05335750,0.36405250,0.10269250,0.19894250,Flujo,25.22099734
1_0000000000000000025e,1,2385,Veracruz de Ignacio de la Llave,2015,Campo_2015,18 51 18.519,-97 12 42.217,18.855144,-97.211727,Caliza-Doloma,Nogales,0.3066127900,0.5383051040,0.676507831,-0.660188317,811,0.02706750,0.03827375,0.06262500,0.06089250,0.29325375,0.09134875,0.15613875,Flujo,25.95851768
1_00000000000000000262,1,1310,Veracruz de Ignacio de la Llave,2015,Campo_2015,18 58 49.426,-96 55 14.955,18.980396,-96.920821,Caliza-Doloma,Crdoba,0.3023348450,0.5668873790,0.769874990,-0.726331890,2300,0.01942250,0.02082500,0.04774750,0.03592250,0.27630000,0.08132500,0.15593250,Flujo,18.67240869
1_00000000000000000263,1,1297,Veracruz de Ignacio de la Llave,2015,Campo_2015,18 58 55.607,-96 55 13.004,18.982113,-96.920279,Caliza-Doloma,Crdoba,0.3112811450,0.5898103120,0.815764248,-0.727012157,2294,0.01923000,0.01934000,0.03905750,0.02352000,0.27517250,0.05781250,0.12359250,Flujo,16.60109774
1_00000000000000000264,1,1293,Veracruz de Ignacio de la Llave,2015,Campo_2015,18 58 56.616,-96 55 12.325,18.982393,-96.92009,Caliza-Doloma,Crdoba,0.3258388940,0.5860195160,0.808757842,-0.715562820,2294,0.02027500,0.02013750,0.03721500,0.02442750,0.22911000,0.05594250,0.11451750,Flujo,20.34516055
1_00000000000000000265,1,1243,Veracruz de Ignacio de la Llave,2015,Campo_2015,18 59 11.443,-96 55 22.024,18.986512,-96.922784,Caliza-Doloma,Crdoba,0.3239405160,0.6007922890,0.792761505,-0.731633723,2283,0.02343750,0.02363000,0.04420000,0.03146750,0.27294500,0.07016000,0.14365375,Flujo,25.33737209
1_00000000000000000266,1,1216,Veracruz de Ignacio de la Llave,2015,Campo_2015,18 59 14.953,-96 55 30.221,18.987487,-96.925061,Caliza-Doloma,Crdoba,0.2877639830,0.5388322470,0.723981798,-0.682966888,2279,0.02880000,0.02646250,0.05795000,0.04466750,0.30721000,0.08481750,0.16665750,Flujo,27.5877488
1_0000000000000000026d,1,1079,Veracruz de Ignacio de la Llave,2015,Campo_2015,19 20 55.728,-96 57 26.892,19.348813,-96.95747,Toba andestica,Cosautln de Carvajal,0.1243532230,0.2984125910,0.466520637,-0.488363564,1750,0.03640375,0.05408625,0.09819625,0.10868750,0.30023875,0.15916375,0.23032000,Flujo,10.01622499
1_00000000000000000017,1,4452,Puebla,2015,Campo_2015,19 0 39.205,-97 16 54.312,19.01089,-97.281753,Dacita-Andesita,Atzitzintla,-0.0468547600,0.0121575150,0.086377949,-0.179553360,2063,0.03623875,0.05557125,0.08987750,0.10798625,0.12917500,0.12256125,0.13885500,Cado,15.13975382
1_00000000000000000019,1,4253,Puebla,2015,Campo_2015,19 3 29.201,-97 16 11.861,19.058111,-97.269961,Dacita-Andesita,Tlachichuca,-0.0263818220,0.0287256150,0.067625247,-0.165550202,1993,0.05649250,0.08448750,0.12450000,0.15585000,0.17460500,0.14938750,0.16264250,Cado,14.61996747
1_00000000000000000023,1,3067,Puebla,2015,Campo_2015,19 20 37.428,-97 13 50.718,19.34373,-97.230755,Andesita-Dacita,Lafragua,0.1538135110,0.3661493060,0.655159473,-0.645515800,1302,0.01188750,0.01923000,0.04931500,0.04972750,0.20312250,0.09315000,0.15475000,Cado,26.61286153
1_0000000000000000027a,1,1663,Puebla,2015,Campo_2015,19 17 50.707,-97 5 47.314,19.297419,-97.096476,Andesita-Dacita,Quimixtln,0.2228406070,0.4878491160,0.690967917,-0.642810047,2409,0.02814000,0.03039500,0.05698750,0.04937000,0.26967250,0.09427750,0.17455000,Cado,30.62398858
1_0000000000000000027c,1,2753,Puebla,2015,Campo_2015,19 20 22.380,-97 17 8.310,19.33955,-97.285642,Basalto,Guadalupe Victoria,0.0124315660,0.1736326660,0.351255447,-0.396352917,693,0.03817750,0.04673000,0.07417500,0.08853000,0.17642000,0.12947750,0.17518250,Cado,11.15891561
1_0000000000000000027e,1,2718,Puebla,2015,Campo_2015,19 20 37.272,-97 17 23.304,19.343687,-97.289807,Basalto,Guadalupe Victoria,0.0134614030,0.2003116760,0.486814618,-0.552058935,612,0.01742875,0.02352000,0.04664750,0.05568125,0.14920875,0.10698250,0.14564750,Cado,28.82769171
1_00000000000000000284,1,2757,Puebla,2015,Campo_2015,19 21 30.235,-97 16 1.756,19.358399,-97.267154,Basalto,Lafragua,0.0649120730,0.1543858350,0.291377127,-0.348461390,771,0.01907875,0.02442750,0.03982750,0.04605625,0.08342875,0.06269375,0.07271750,Cado,34.20360285
1_00000000000000000299,1,1450,Puebla,2015,Campo_2015,19 12 24.197,-97 3 6.118,19.206721,-97.051699,Caliza-Doloma,Chichiquila,0.0081969510,0.1807977260,0.403222233,-0.440419972,2023,0.03735250,0.04706000,0.07989500,0.08974000,0.20056500,0.14204500,0.19822750,Cado,34.14002555
1_000000000000000002e0,1,2538,Puebla,2015,Campo_2015,19 14 16.365,-97 11 30.502,19.237879,-97.191806,Andesita-Dacita,Chilchotla,0.2679665980,0.5612491370,0.813942075,-0.743038535,915,0.01418375,0.01397750,0.02811250,0.01928500,0.21089125,0.05517250,0.12283625,Cado,8.052649033
1_000000000000000002e1,1,2166,Puebla,2015,Campo_2015,19 15 25.331,-97 10 40.025,19.257036,-97.177785,Andesita-Dacita,Chilchotla,0.2134465580,0.4614748950,0.667010128,-0.624010861,1371,0.02460625,0.03166000,0.05557125,0.04890250,0.23117250,0.09122500,0.15057000,Cado,32.83274966
1_000000000000000002e2,1,2979,Puebla,2015,Campo_2015,19 16 3.533,-97 15 12.101,19.267648,-97.253361,Toba rioltica,Lafragua,0.4182440940,0.6565746670,0.811165094,-0.758102596,1192,0.01155750,0.01355125,0.03643125,0.02588500,0.24385000,0.05657500,0.11219375,Cado,25.83865518
1_000000000000000002e3,1,2841,Puebla,2015,Campo_2015,19 16 14.498,-97 17 44.182,19.270694,-97.295606,Pumicita,Lafragua,0.0768429120,0.2494048330,0.379616499,-0.444432139,812,0.03922250,0.04917750,0.08102250,0.09485500,0.21307750,0.13156750,0.17163500,Cado,8.777867707
1_000000000000000002e4,1,2645,Puebla,2015,Campo_2015,19 16 24.851,-97 18 30.859,19.27357,-97.308572,Dacita-Andesita,Lafragua,0.0525397960,0.2045792940,0.419737488,-0.460079461,593,0.03732500,0.04543750,0.06628250,0.07126000,0.17647500,0.11674500,0.15618000,Cado,9.14785448
1_000000000000000002e5,1,2950,Puebla,2015,Campo_2015,19 18 29.421,-97 17 4.282,19.308173,-97.284523,Basalto,Lafragua,0.0398425800,0.1974172290,0.459464103,-0.474929303,1111,0.02728750,0.03347500,0.06521000,0.06884000,0.19006000,0.10816500,0.17463250,Cado,12.66967666
1_00000000000000000007,1,1186,Veracruz de Ignacio de la Llave,2015,Campo_2015,18 57 18.417,-96 55 49.509,18.955116,-96.930419,Caliza-Doloma,Crdoba,0.3425020280,0.6326886420,0.798643351,-0.731582940,2285,0.02932250,0.02915750,0.05267000,0.03724250,0.32310500,0.07497250,0.16374250,Cado,13.20148314
1_00000000000000000016,1,1518,Veracruz de Ignacio de la Llave,2015,Campo_2015,18 59 29.070,-96 53 47.570,18.991408,-96.896547,Lutita-Caliza,Ixhuatln del Caf,0.3669883310,0.6432257890,0.831390202,-0.745549142,2321,0.02290125,0.02232375,0.04124375,0.02660000,0.28006750,0.06131875,0.13122375,Cado,26.92513799
1_00000000000000000018,1,4577,Veracruz de Ignacio de la Llave,2015,Campo_2015,19 0 50.363,-97 16 37.100,19.01399,-97.276972,Andesita-Dacita,La Perla,-0.0391357840,-0.0293108880,0.032934275,-0.139020577,2123,0.06130500,0.08190250,0.11871125,0.14696750,0.15697750,0.16734500,0.17054875,Cado,14.55111796
1_0000000000000000001a,1,1733,Veracruz de Ignacio de la Llave,2015,Campo_2015,19 11 40.987,-97 2 48.623,19.194719,-97.04684,Caliza-Doloma,Huatusco,0.3469764590,0.6267861720,0.859645188,-0.755202293,2171,0.01377125,0.01404625,0.02501875,0.01297375,0.18571500,0.03483625,0.08384125,Cado,17.16887795
1_0000000000000000001b,1,1567,Veracruz de Ignacio de la Llave,2015,Campo_2015,19 11 42.174,-97 2 56.276,19.194937,-97.048966,Caliza-Doloma,Huatusco,0.2923181650,0.4998312590,0.709802389,-0.659136593,2102,0.02893750,0.03223750,0.05300000,0.03966250,0.24044000,0.08204000,0.15475000,Cado,38.66993771
1_0000000000000000001c,1,982,Veracruz de Ignacio de la Llave,2015,Campo_2015,19 19 9.834,-97 1 45.546,19.319398,-97.029318,Toba andestica,Ixhuacn de los Reyes,0.1995846180,0.4684989150,0.656421602,-0.617378771,1882,0.03060125,0.03380500,0.06094750,0.05366000,0.24261250,0.09134875,0.15550625,Cado,22.19315333
1_00000000000000000271,1,2068,Veracruz de Ignacio de la Llave,2015,Campo_2015,18 47 33.368,-97 19 9.659,18.792602,-97.31935,Caliza-Lutita,Aquila,0.1237966270,0.2987779080,0.458843678,-0.469226539,650,0.05881625,0.07300625,0.11763875,0.12210750,0.32662500,0.18263500,0.25933250,Cado,24.52905055
1_00000000000000000272,1,1809,Veracruz de Ignacio de la Llave,2015,Campo_2015,18 59 26.033,-97 4 56.759,18.990565,-97.082433,Caliza-Doloma,Chocamn,0.2246580870,0.4632874430,0.600971758,-0.555672288,1774,0.03570250,0.03762750,0.05979250,0.05514500,0.21448000,0.08721000,0.15211000,Cado,32.60398213
1_00000000000000000273,1,1355,Veracruz de Ignacio de la Llave,2015,Campo_2015,19 1 59.122,-97 1 37.148,19.033089,-97.026986,Lahar,Coscomatepec,0.2430129950,0.4686223270,0.606304765,-0.554996789,1989,0.03441000,0.03680250,0.05597000,0.05344000,0.19927250,0.07387250,0.12386750,Cado,33.41676156
1_00000000000000000274,1,1107,Veracruz de Ignacio de la Llave,2015,Campo_2015,19 4 49.371,-96 52 36.395,19.080381,-96.876776,Lutita-Caliza,Tepatlaxco,0.3737656770,0.6372053620,0.834901214,-0.761019051,2076,0.02836000,0.02484000,0.04535500,0.02849750,0.33421500,0.06716250,0.14287000,Cado,24.17961844
1_00000000000000000275,1,1478,Veracruz de Ignacio de la Llave,2015,Campo_2015,19 5 19.079,-97 1 30.267,19.088633,-97.025074,Lahar,Coscomatepec,0.3319126960,0.5907700060,0.786530495,-0.697502553,1940,0.02811250,0.02781000,0.04992000,0.03292500,0.32222500,0.07189250,0.15367750,Cado,38.4799135
1_00000000000000000276,1,1444,Veracruz de Ignacio de la Llave,2015,Campo_2015,19 5 22.631,-97 1 39.974,19.08962,-97.027771,Lahar,Coscomatepec,0.2886049750,0.5043193100,0.679937840,-0.625276625,1948,0.01483000,0.01967000,0.04227500,0.03531750,0.19435000,0.06397250,0.10618500,Cado,21.25025971
1_00000000000000000277,1,1420,Veracruz de Ignacio de la Llave,2015,Campo_2015,19 5 42.657,-97 1 45.483,19.095183,-97.029295,Lahar,Coscomatepec,0.3019645810,0.5924428700,0.773493469,-0.682358742,1961,0.02926750,0.03072500,0.05349500,0.03793000,0.29128750,0.07505500,0.14980000,Cado,4.333873874
1_00000000000000000278,1,1492,Veracruz de Ignacio de la Llave,2015,Campo_2015,19 5 48.845,-97 1 22.046,19.096901,-97.022791,Lahar,Coscomatepec,0.2864794730,0.5524231200,0.715398729,-0.640729308,1969,0.03061500,0.03201750,0.05146000,0.04095500,0.25729750,0.07315750,0.13943250,Cado,15.77378541
1_00000000000000000279,1,2194,Veracruz de Ignacio de la Llave,2015,Campo_2015,19 6 0.420,-97 7 3.182,19.100117,-97.117551,Andesita-Dacita,Alpatlhuac,0.1035495030,0.3098039630,0.469782889,-0.478422642,1713,0.04686750,0.05048375,0.08495500,0.07880875,0.20037250,0.11242750,0.17482500,Cado,20.33808322
1_00000000000000000282,1,969,Veracruz de Ignacio de la Llave,2015,Campo_2015,19 20 53.232,-96 58 8.910,19.34812,-96.969142,Toba andestica,Cosautln de Carvajal,0.2861561780,0.5370858910,0.736621857,-0.691394687,1769,0.02195250,0.02561000,0.05526875,0.04305875,0.31128000,0.09165125,0.17713500,Cado,32.2651623
1_00000000000000000286,1,1090,Veracruz de Ignacio de la Llave,2015,Campo_2015,19 21 10.554,-96 58 7.643,19.35293,-96.96879,Toba andestica,Cosautln de Carvajal,0.2532569470,0.5148094890,0.678309083,-0.660346329,1822,0.01890000,0.02305250,0.05300000,0.04876500,0.27267000,0.08396500,0.16005750,Cado,19.62338804
1_00000000000000000297,1,1823,Veracruz de Ignacio de la Llave,2015,Campo_2015,18 57 37.946,-97 8 24.532,18.960541,-97.140148,Lutita-Caliza,La Perla,0.3318904340,0.5725148920,0.811264992,-0.724874318,1495,0.02646250,0.02888250,0.05162500,0.03663750,0.33553500,0.09326000,0.17490750,Cado,22.38830803
1_000000000000000002c6,1,1458,Veracruz de Ignacio de la Llave,2015,Campo_2015,19 7 51.708,-97 1 10.252,19.13103,-97.019514,Caliza-Doloma,Huatusco,0.3539611700,0.6676563020,0.863914013,-0.777067006,2017,0.02468875,0.02269500,0.04215125,0.02496375,0.35409750,0.06636500,0.15796750,Cado,3.831930047
1_000000000000000002e6,1,1451,Veracruz de Ignacio de la Llave,2015,Campo_2015,19 19 1.386,-97 4 37.164,19.317046,-97.076984,Caliza-Doloma,Ixhuacn de los Reyes,0.2171044350,0.4940996170,0.703275979,-0.651485145,2019,0.02379500,0.02726000,0.05323375,0.04268750,0.25861750,0.08804875,0.16880250,Cado,31.15920885
1_000000000000000002e8,1,730,Veracruz de Ignacio de la Llave,2015,Campo_2015,19 20 10.260,-96 54 8.939,19.336183,-96.902483,Toba andestica,Cosautln de Carvajal,0.4105296430,0.7078336480,0.872595131,-0.776962936,1570,0.02541750,0.02712250,0.05792250,0.02996875,0.41358000,0.08444625,0.20880125,Cado,54.08982739
1_000000000000000003ce,1,1782,Veracruz de Ignacio de la Llave,2015,Campo_2015,19 3 28.860,-97 5 30.396,19.058017,-97.091777,Lahar,Coscomatepec,0.2043552400,0.4536397160,0.631629467,-0.602146506,1850,0.02115500,0.03174250,0.07555000,0.06848250,0.31224250,0.11330750,0.20524000,Cado,7.378860559
1_0000000000000000028d,1,1836,Puebla,2015,Campo_2015,19 12 36.391,-97 4 7.456,19.210109,-97.068738,Caliza-Doloma,Chichiquila,0.1908248510,0.4523370860,0.640828371,-0.636663795,2221,0.02812625,0.03373625,0.05837625,0.05444375,0.25017500,0.10424625,0.17830375,Deslizamiento,28.15994239
1_00000000000000000292,1,2026,Puebla,2015,Campo_2015,19 13 35.191,-97 4 41.757,19.226442,-97.078266,Caliza-Doloma,Chichiquila,0.2451008260,0.4989218120,0.685230494,-0.654450834,1900,0.02518375,0.02785125,0.06367000,0.05675375,0.30336000,0.10133125,0.18186500,Deslizamiento,14.21381969
1_000000000000000002ec,1,3053,Puebla,2015,Campo_2015,19 15 17.293,-97 15 19.645,19.254804,-97.255457,Pumicita,Chilchotla,0.0292579660,0.1957905890,0.296258897,-0.352899849,1322,0.03471250,0.04832500,0.07505500,0.08773250,0.16291750,0.10335250,0.15975500,Deslizamiento,21.6953311
1_000000000000000002ed,1,1619,Puebla,2015,Campo_2015,19 18 21.115,-97 5 19.389,19.30586,-97.088719,Caliza-Doloma,Quimixtln,0.2420523910,0.5202344060,0.745981276,-0.709484339,2192,0.02327250,0.02753500,0.05779875,0.04750000,0.33363750,0.10804125,0.21217000,Deslizamiento,29.33041041
1_000000000000000002ee,1,2144,Puebla,2015,Campo_2015,19 13 38.609,-97 8 51.301,19.227391,-97.147584,Andesita-Dacita,Quimixtln,0.0552163050,0.2276174580,0.465932429,-0.483797997,1518,0.03729750,0.04941125,0.08166875,0.08668750,0.23429375,0.14706375,0.20862250,Deslizamiento,21.27964489
1_000000000000000002ef,1,2148,Puebla,2015,Campo_2015,19 13 29.740,-97 8 49.073,19.224928,-97.146965,Andesita-Dacita,Quimixtln,0.1778726130,0.4126142860,0.661025643,-0.635458469,1521,0.02717750,0.03344750,0.06742375,0.06045250,0.30297500,0.12594375,0.20496500,Deslizamiento,16.27220323
1_000000000000000002f0,1,1559,Puebla,2015,Campo_2015,19 12 16.583,-97 3 21.030,19.204606,-97.055842,Caliza-Doloma,Chichiquila,0.3989892900,0.6887030010,0.865912497,-0.773133695,1957,0.02321750,0.02209000,0.04447500,0.02495000,0.32860500,0.06281750,0.14520750,Deslizamiento,32.96009268
1_000000000000000002f1,1,2792,Puebla,2015,Campo_2015,18 59 36.990,-97 24 27.631,18.993608,-97.407675,Andesita-Dacita,Chalchicomula de Sesma,0.0230092020,0.1523829700,0.302916884,-0.355607480,749,0.03590875,0.04307250,0.06508625,0.07230500,0.13314875,0.09782500,0.12725000,Deslizamiento,10.37229913
1_00000000000000000006,1,1396,Veracruz de Ignacio de la Llave,2015,Campo_2015,19 19 44.635,-97 3 22.069,19.329065,-97.05613,Toba andestica,Ixhuacn de los Reyes,0.3644602890,0.6454437970,0.842279792,-0.747887671,1961,0.01748375,0.01968375,0.04279750,0.02642125,0.30316750,0.06299625,0.14139875,Deslizamiento,15.57351766
1_00000000000000000028,1,1847,Veracruz de Ignacio de la Llave,2015,Campo_2015,18 59 51.582,-97 5 39.544,18.997662,-97.094318,Lahar,Coscomatepec,0.1980777380,0.4446538090,0.667618215,-0.637591958,1744,0.02152625,0.02423500,0.05620375,0.04817375,0.26772000,0.08914875,0.15597375,Deslizamiento,31.12483008
1_00000000000000000029,1,1348,Veracruz de Ignacio de la Llave,2015,Campo_2015,19 0 3.386,-96 54 22.795,19.000941,-96.906332,Lutita-Caliza,Ixhuatln del Caf,0.3118965920,0.5850395560,0.774905622,-0.727484405,2281,0.02335500,0.02231000,0.04142250,0.03045000,0.26466750,0.06466000,0.13550000,Deslizamiento,20.65477585
1_0000000000000000002a,1,1851,Veracruz de Ignacio de la Llave,2015,Campo_2015,19 3 49.885,-97 6 6.718,19.063857,-97.101866,Lahar,Coscomatepec,0.1190641000,0.3554374280,0.583862185,-0.566928923,1838,0.02847000,0.03564750,0.05993000,0.05159750,0.20378250,0.10791750,0.16575000,Deslizamiento,2.947841298
1_0000000000000000002b,1,2032,Veracruz de Ignacio de la Llave,2015,Campo_2015,19 3 59.881,-97 7 24.109,19.066634,-97.123364,Caliza,Alpatlhuac,-0.1124412190,-0.0151089350,0.249615908,-0.341889322,1753,0.06427500,0.08194375,0.12690625,0.15699125,0.25805375,0.25925000,0.32442500,Deslizamiento,5.476260223
1_0000000000000000002c,1,1878,Veracruz de Ignacio de la Llave,2015,Campo_2015,19 3 59.181,-97 6 18.822,19.066439,-97.105228,Lahar,Coscomatepec,0.1410917490,0.3485478760,0.570480227,-0.567628384,1835,0.04149125,0.05194125,0.08534000,0.08176500,0.30426750,0.14783375,0.22770750,Deslizamiento,8.81039431
1_0000000000000000002d,1,1989,Veracruz de Ignacio de la Llave,2015,Campo_2015,19 4 1.428,-97 7 9.965,19.067063,-97.119435,Caliza,Coscomatepec,-0.0238970480,0.1170249210,0.352262020,-0.416419685,1768,0.04865500,0.06397250,0.10852250,0.12936750,0.26879250,0.20562500,0.27924250,Deslizamiento,20.50032792
1_0000000000000000002e,1,1424,Veracruz de Ignacio de la Llave,2015,Campo_2015,19 4 20.529,-96 59 19.588,19.069591,-96.988774,Caliza-Doloma,Ixhuatln del Caf,0.2683569490,0.5317404870,0.769422531,-0.736831665,2002,0.02783750,0.02825000,0.04813250,0.04139500,0.31766000,0.09606500,0.18255250,Deslizamiento,19.39428318
1_0000000000000000002f,1,1905,Veracruz de Ignacio de la Llave,2015,Campo_2015,19 6 10.946,-97 6 24.028,19.103041,-97.106674,Andesita-Dacita,Alpatlhuac,0.2352793070,0.5231910940,0.760108709,-0.699909270,1886,0.02944625,0.03009250,0.04820125,0.03762750,0.30784250,0.08749875,0.17841375,Deslizamiento,28.83907228
1_0000000000000000028c,1,2388,Veracruz de Ignacio de la Llave,2015,Campo_2015,18 52 9.344,-97 13 13.412,18.869262,-97.220392,Caliza-Doloma,Maltrata,0.2235842940,0.4686991270,0.617838502,-0.591856539,831,0.03564750,0.03744875,0.06204750,0.05289000,0.23613625,0.08826875,0.14527625,Deslizamiento,24.37897395
1_0000000000000000028e,1,2273,Veracruz de Ignacio de la Llave,2015,Campo_2015,18 49 42.338,-97 17 29.708,18.828427,-97.291586,Caliza-Lutita,Maltrata,0.0440224260,0.2069659080,0.392723083,-0.425111264,647,0.04997500,0.06180000,0.10431500,0.11394000,0.25859000,0.17141500,0.23678250,Deslizamiento,28.43347638
1_0000000000000000028f,1,2906,Veracruz de Ignacio de la Llave,2015,Campo_2015,18 56 57.413,-97 14 36.676,18.949281,-97.243521,Lahar,La Perla,0.0280788890,0.1689748320,0.404774815,-0.396929085,1114,0.03486375,0.04120250,0.06214375,0.06048000,0.14295250,0.10076750,0.13792000,Deslizamiento,13.87345235
1_00000000000000000290,1,1657,Veracruz de Ignacio de la Llave,2015,Campo_2015,18 57 1.696,-97 8 11.131,18.950471,-97.136425,Lahar,La Perla,0.2285486610,0.4785397650,0.696413696,-0.645315647,1550,0.03311750,0.03309000,0.05506250,0.04601500,0.25355750,0.08825500,0.15230250,Deslizamiento,33.71523883
1_00000000000000000291,1,1898,Veracruz de Ignacio de la Llave,2015,Campo_2015,18 59 44.833,-97 5 15.860,18.995787,-97.087711,Lahar,Coscomatepec,0.1123506430,0.2793160080,0.458871603,-0.499635309,1775,0.06334000,0.07274500,0.09947500,0.11058500,0.27696000,0.15777500,0.22674500,Deslizamiento,26.24515028
1_00000000000000000293,1,1445,Veracruz de Ignacio de la Llave,2015,Campo_2015,19 5 21.902,-97 1 35.672,19.089417,-97.026576,Lahar,Coscomatepec,0.3540062610,0.6314548250,0.814915001,-0.728912234,1940,0.02521125,0.02501875,0.04146375,0.02730125,0.28259750,0.06210250,0.12960125,Deslizamiento,25.24360796
1_00000000000000000294,1,900,Veracruz de Ignacio de la Llave,2015,Campo_2015,19 5 4.744,-96 52 10.376,19.084651,-96.869549,Lutita-Caliza,Tepatlaxco,0.2460355460,0.4956651330,0.693873882,-0.653805733,1925,0.02761750,0.02877250,0.06078250,0.05473250,0.31779750,0.09947500,0.18621000,Deslizamiento,22.09990629
1_00000000000000000295,1,2750,Veracruz de Ignacio de la Llave,2015,Campo_2015,19 6 38.404,-97 12 35.509,19.110668,-97.209864,Andesita-Dacita,Calcahualco,0.2773832980,0.5286762710,0.764162898,-0.700055301,1100,0.01307000,0.01522875,0.03497375,0.02588500,0.18291000,0.05755125,0.12003125,Deslizamiento,12.6017165
1_00000000000000000296,1,1717,Veracruz de Ignacio de la Llave,2015,Campo_2015,19 19 13.662,-97 4 47.880,19.320462,-97.079967,Caliza-Doloma,Ixhuacn de los Reyes,0.3647851350,0.6768628360,0.862347543,-0.784594715,2094,0.01722250,0.02042625,0.03920875,0.02413875,0.32662500,0.06251500,0.15470875,Deslizamiento,37.10686785
1_000000000000000002c7,1,1931,Veracruz de Ignacio de la Llave,2015,Campo_2015,19 3 39.845,-97 7 11.064,19.061068,-97.11974,Caliza,Coscomatepec,0.2112903590,0.4709965290,0.691440821,-0.637695313,1790,0.03188000,0.03944250,0.08168250,0.06840000,0.36922250,0.13431750,0.24456500,Deslizamiento,9.638925098
1_0000000000000000000f,1,2125,Puebla,2015,Campo_2015,19 15 16.251,-97 10 3.622,19.254514,-97.167673,Andesita-Dacita,Chilchotla,0.1577549580,0.3999648990,0.664424658,-0.652181625,1383,0.02657250,0.03023000,0.06074125,0.05808750,0.30580750,0.12027875,0.20962625,Flujo,28.44092131
1_00000000000000000010,1,2056,Puebla,2015,Campo_2015,19 10 57.198,-97 6 49.411,19.182499,-97.113725,Toba andestica,Chichiquila,0.2932679950,0.5573758480,0.718661606,-0.678886414,1771,0.02217250,0.02565125,0.05421000,0.04556125,0.27172125,0.08177875,0.15069375,Flujo,28.15992589
1_00000000000000000013,1,2060,Puebla,2015,Campo_2015,19 9 35.475,-97 4 6.930,19.159826,-97.068592,Toba andestica,Chichiquila,0.1849581750,0.4316243830,0.573420763,-0.576249301,1979,0.02675125,0.03446500,0.06291375,0.06442625,0.23381250,0.10039625,0.17041125,Flujo,20.67128357
1_00000000000000000270,1,1744,Puebla,2015,Campo_2015,19 12 24.828,-97 4 11.904,19.2069,-97.069973,Caliza-Doloma,Chichiquila,0.2554263770,0.5149670240,0.647510350,-0.623687983,2215,0.02455125,0.03131625,0.06666750,0.06170375,0.28497625,0.09298500,0.17158000,Flujo,15.68198336
1_000000000000000002cb,1,2450,Puebla,2015,Campo_2015,19 14 14.396,-97 11 45.213,19.237259,-97.195892,Andesita-Dacita,Chilchotla,0.1808121350,0.4197265510,0.679063082,-0.640177727,893,0.02599500,0.02954250,0.04950750,0.04530000,0.21852250,0.09328750,0.16091000,Flujo,20.0937031
1_000000000000000002cc,1,2130,Puebla,2015,Campo_2015,19 9 55.651,-97 6 3.567,19.165459,-97.100991,Andesita-Dacita,Chichiquila,0.1324469450,0.3724295200,0.577429354,-0.598993361,1854,0.02805750,0.03271875,0.05863750,0.05808750,0.23929875,0.10749125,0.18076500,Flujo,9.370465781
1_000000000000000002d1,1,2555,Puebla,2015,Campo_2015,19 14 12.564,-97 11 21.094,19.236823,-97.186415,Andesita-Dacita,Chilchotla,0.2064229850,0.4366634190,0.608912408,-0.596471369,874,0.02826375,0.03564750,0.06607625,0.06302375,0.26662000,0.10283000,0.17507250,Flujo,24.24919772
1_000000000000000002d5,1,2073,Puebla,2015,Campo_2015,19 9 48.437,-97 4 45.930,19.163455,-97.079425,Toba andestica,Chichiquila,0.2822880150,0.5319324730,0.665045977,-0.645432889,1948,0.02423500,0.02698500,0.05973750,0.05162500,0.27500750,0.08514750,0.15810500,Flujo,15.83341001
1_000000000000000002d9,1,2178,Puebla,2015,Campo_2015,19 11 7.601,-97 7 20.782,19.185447,-97.122439,Andesita-Dacita,Chichiquila,0.2356284410,0.5003294940,0.645736694,-0.613693357,1678,0.03300750,0.03988250,0.06796000,0.06378000,0.30495500,0.10087750,0.18439500,Flujo,31.27746819
1_000000000000000002da,1,1871,Puebla,2015,Campo_2015,19 11 36.439,-97 4 30.575,19.193236,-97.075158,Lahar,Chichiquila,0.2946898040,0.5603824260,0.740669549,-0.698372304,2127,0.01738750,0.02176000,0.04791250,0.03853500,0.26337500,0.07621000,0.14751750,Flujo,27.0009397
1_000000000000000002dc,1,2548,Puebla,2015,Campo_2015,19 12 22.075,-97 10 20.925,19.206121,-97.169146,Andesita-Dacita,Chilchotla,0.2953291240,0.5845111610,0.806869149,-0.762043715,962,0.01796500,0.02118250,0.04222000,0.03102750,0.31163750,0.07783250,0.16907750,Flujo,25.84993781
1_000000000000000002de,1,2503,Puebla,2015,Campo_2015,19 16 25.410,-97 12 6.588,19.273836,-97.201827,Toba rioltica,Chilchotla,0.3137790560,0.5333552360,0.675574064,-0.669570029,832,0.01780000,0.02277750,0.05231250,0.04601500,0.23615000,0.08315375,0.13830500,Flujo,22.03289701
1_000000000000000002df,1,1572,Puebla,2015,Campo_2015,19 17 6.928,-97 7 14.537,19.285813,-97.120982,Toba rioltica,Quimixtln,0.1725174340,0.4189803300,0.555147290,-0.538808286,2043,0.03563375,0.04271500,0.06892250,0.06503125,0.22636000,0.09123875,0.15701875,Flujo,21.10094478
1_000000000000000002eb,1,2708,Puebla,2015,Campo_2015,19 13 11.367,-97 20 28.053,19.219985,-97.341126,Pumicita,Lafragua,-0.0262596250,0.1157829760,0.218267888,-0.295370549,673,0.09493750,0.12210750,0.17677750,0.20540500,0.33908250,0.24247500,0.33179500,Flujo,8.086610383
1_00000000000000000001,1,1024,Veracruz de Ignacio de la Llave,2015,Campo_2015,19 19 20.664,-97 2 22.338,19.322407,-97.039538,Toba andestica,Ixhuacn de los Reyes,0.1668178440,0.3341121380,0.591446698,-0.570000648,1842,0.04120250,0.05088250,0.08459750,0.07761250,0.30872250,0.15461250,0.22424250,Flujo,7.094144841
1_00000000000000000002,1,1708,Veracruz de Ignacio de la Llave,2015,Campo_2015,18 48 24.221,-97 16 9.266,18.806728,-97.269241,Aluvial,Maltrata,0.0988192260,0.1952628490,0.461846560,-0.458737224,798,0.04244000,0.05566750,0.10245875,0.10284375,0.26649625,0.17736875,0.22636000,Flujo,0.927409937
1_00000000000000000003,1,1197,Veracruz de Ignacio de la Llave,2015,Campo_2015,18 50 7.985,-97 5 27.216,18.835546,-97.090893,Lahar,Orizaba,0.1954758020,0.3917439580,0.545513928,-0.526707351,2038,0.05880250,0.06556750,0.09874625,0.09403000,0.32933375,0.13937750,0.21602000,Flujo,9.3608325
1_00000000000000000004,1,953,Veracruz de Ignacio de la Llave,2015,Campo_2015,18 52 58.170,-96 58 34.680,18.882825,-96.9763,Lahar,Crdoba,0.0430081150,0.1756121960,0.403887391,-0.392663687,2041,0.07629250,0.08371750,0.12213500,0.12056750,0.29343250,0.19759500,0.27399000,Flujo,6.750570681
1_00000000000000000005,1,1185,Veracruz de Ignacio de la Llave,2015,Campo_2015,18 59 22.393,-96 55 32.446,18.990109,-96.92568,Caliza-Doloma,Crdoba,0.2697898750,0.5449481010,0.740322709,-0.683142662,2266,0.02937750,0.02684750,0.05228500,0.04202750,0.28320250,0.08374500,0.15810500,Flujo,24.87063818
1_0000000000000000000c,1,1364,Veracruz de Ignacio de la Llave,2015,Campo_2015,19 7 44.805,-97 0 30.269,19.129113,-97.008408,Caliza-Doloma,Huatusco,0.3175329860,0.5950738190,0.789362848,-0.740973353,1993,0.02294250,0.02349250,0.04895750,0.03460250,0.32893500,0.08657750,0.17677750,Flujo,16.89559107
1_0000000000000000000d,1,1392,Veracruz de Ignacio de la Llave,2015,Campo_2015,19 7 46.905,-97 0 47.077,19.129696,-97.013077,Caliza-Doloma,Huatusco,0.2640785280,0.5295824410,0.716434360,-0.659690917,2025,0.03020250,0.03681625,0.06890875,0.05720750,0.34961500,0.10933375,0.20174750,Flujo,9.970064756
1_0000000000000000000e,1,1760,Veracruz de Ignacio de la Llave,2015,Campo_2015,19 0 4.745,-97 5 48.249,19.001318,-97.096736,Lahar,Coscomatepec,0.2462807600,0.4831388590,0.653764069,-0.621802092,1744,0.03336500,0.03424500,0.05569500,0.04587750,0.23859750,0.07533000,0.14383250,Flujo,24.69935142
1_00000000000000000012,1,1536,Veracruz de Ignacio de la Llave,2015,Campo_2015,19 21 3.120,-97 3 24.852,19.350867,-97.056903,Toba andestica,Ixhuacn de los Reyes,0.3995278480,0.6919276710,0.850140154,-0.770982563,2042,0.02147125,0.02031625,0.04288000,0.02644875,0.33125875,0.06474250,0.16275250,Flujo,39.86740103
1_00000000000000000014,1,1578,Veracruz de Ignacio de la Llave,2015,Campo_2015,19 11 39.460,-97 2 57.883,19.194294,-97.049412,Caliza-Doloma,Huatusco,0.3385992050,0.6374112960,0.794002175,-0.712474108,2102,0.00806500,0.00814750,0.02261250,0.01587500,0.12752500,0.03394250,0.06301000,Flujo,37.05369897
1_00000000000000000254,1,1934,Veracruz de Ignacio de la Llave,2015,Campo_2015,18 51 10.143,-97 15 36.674,18.852818,-97.260187,Lahar,Maltrata,0.0461398470,0.2025778440,0.401839525,-0.418753713,944,0.04096875,0.04677125,0.06830375,0.07016000,0.15921875,0.10712000,0.14691250,Flujo,29.52572252
1_00000000000000000256,1,2161,Veracruz de Ignacio de la Llave,2015,Campo_2015,18 47 23.515,-97 19 25.047,18.789865,-97.323624,Caliza-Lutita,Aquila,0.0867025780,0.2865313890,0.517337620,-0.511786580,623,0.04668875,0.06020500,0.09847125,0.10123500,0.30748500,0.17288625,0.27183125,Flujo,42.42840364
1_00000000000000000257,1,2229,Veracruz de Ignacio de la Llave,2015,Campo_2015,18 47 29.474,-97 19 21.825,18.791521,-97.322729,Caliza-Lutita,Aquila,0.1770874260,0.3923750220,0.606750488,-0.574475706,663,0.03688500,0.04524500,0.08325000,0.07511000,0.30017000,0.13002750,0.21313250,Flujo,46.0139901
1_00000000000000000258,1,1532,Veracruz de Ignacio de la Llave,2015,Campo_2015,18 49 19.156,-97 11 12.085,18.822099,-97.18669,Caliza-Doloma,Nogales,0.1598506420,0.3673771020,0.499573827,-0.535787046,1273,0.04202750,0.04653750,0.07033875,0.07824500,0.22659375,0.10945750,0.16844500,Flujo,18.14891701
1_0000000000000000025b,1,1774,Veracruz de Ignacio de la Llave,2015,Campo_2015,18 49 48.887,-97 11 38.535,18.830246,-97.193982,Caliza-Doloma,Nogales,0.2744082210,0.5350386500,0.685227871,-0.669661105,1069,0.03061500,0.03313125,0.05595625,0.05334375,0.29403750,0.08906625,0.16753750,Flujo,16.35067632
1_0000000000000000025c,1,2034,Veracruz de Ignacio de la Llave,2015,Campo_2015,18 50 38.171,-97 11 58.466,18.843936,-97.199574,Caliza-Doloma,Nogales,0.0112238870,0.2199606900,0.385254294,-0.437666953,1141,0.03819125,0.04501125,0.07641625,0.09145875,0.21024500,0.12685125,0.20075750,Flujo,26.2395607
1_0000000000000000025f,1,2436,Veracruz de Ignacio de la Llave,2015,Campo_2015,18 53 11.306,-97 15 29.779,18.886474,-97.258272,Lahar,Maltrata,0.3261116150,0.5883654950,0.810975730,-0.732744277,692,0.01309750,0.01366125,0.02936375,0.01972500,0.21116625,0.05133625,0.10503000,Flujo,11.63700425
1_00000000000000000260,1,1599,Veracruz de Ignacio de la Llave,2015,Campo_2015,18 55 36.346,-97 8 18.437,18.926763,-97.14401,Lahar,Mariano Escobedo,0.2852302190,0.5736315850,0.809651136,-0.725187898,1530,0.03262250,0.03204500,0.05421000,0.03790250,0.36034000,0.09386500,0.19448750,Flujo,25.0121483
1_00000000000000000261,1,1767,Veracruz de Ignacio de la Llave,2015,Campo_2015,18 56 19.684,-97 8 50.033,18.943815,-97.147231,Lutita-Caliza,Mariano Escobedo,0.2923713920,0.5976986290,0.798166096,-0.726932108,1483,0.01913375,0.01788250,0.03210000,0.02435875,0.22275750,0.05663000,0.11619500,Flujo,16.07642044
1_00000000000000000267,1,1174,Veracruz de Ignacio de la Llave,2015,Campo_2015,19 4 47.011,-96 52 23.497,19.079725,-96.873194,Lutita-Caliza,Tepatlaxco,0.2649402920,0.5589905380,0.811428845,-0.740269303,2083,0.02294250,0.02266750,0.04318250,0.02767250,0.29945500,0.07615500,0.16074500,Flujo,18.425982
1_00000000000000000268,1,1344,Veracruz de Ignacio de la Llave,2015,Campo_2015,19 19 39.906,-97 1 42.330,19.327752,-97.028425,Toba andestica,Cosautln de Carvajal,0.3145429790,0.6055465940,0.808427811,-0.740945995,1997,0.02030250,0.02341000,0.04794000,0.03509750,0.29885000,0.07700750,0.15774750,Flujo,34.06872361
1_0000000000000000026e,1,1179,Veracruz de Ignacio de la Llave,2015,Campo_2015,19 13 59.290,-96 54 42.146,19.233136,-96.911707,Lahar,Tenampa,0.2708144190,0.5559600590,0.750414371,-0.722771943,1897,0.02456500,0.02639375,0.04546500,0.03835625,0.28899125,0.08551875,0.16467750,Flujo,11.15870188
1_0000000000000000026f,1,1046,Veracruz de Ignacio de la Llave,2015,Campo_2015,19 10 3.922,-96 52 56.911,19.167867,-96.882753,Lahar,Comapa,0.3480736020,0.6206380720,0.788858950,-0.730317712,1839,0.02683375,0.02704000,0.05356375,0.03797125,0.36412125,0.07695250,0.16166625,Flujo,7.380043742
1_000000000000000002c8,1,861,Veracruz de Ignacio de la Llave,2015,Campo_2015,18 53 57.860,-96 56 15.703,18.899406,-96.937695,Lahar,Crdoba,-0.0218276330,0.0567365590,0.289341241,-0.307334036,2084,0.07640250,0.08938250,0.11286750,0.11891750,0.21618500,0.19360750,0.22836750,Flujo,7.072547741
1_000000000000000002c9,1,1494,Veracruz de Ignacio de la Llave,2015,Campo_2015,19 13 46.697,-96 59 52.879,19.229638,-96.998022,Toba andestica,Tlaltetela,0.2858707310,0.5683815480,0.649211109,-0.631617725,2010,0.03094500,0.03358500,0.06237750,0.05990250,0.28276250,0.07698000,0.15161500,Flujo,9.770817869
1_000000000000000002ca,1,1495,Veracruz de Ignacio de la Llave,2015,Campo_2015,19 13 47.089,-96 59 53.046,19.229747,-96.998068,Toba andestica,Tlaltetela,0.2832995950,0.5748944880,0.643666208,-0.609296322,2010,0.03056000,0.02863500,0.06237750,0.06218500,0.27256000,0.07519250,0.14974500,Flujo,19.23627139
1_000000000000000002cd,1,1281,Veracruz de Ignacio de la Llave,2015,Campo_2015,19 11 9.882,-96 57 18.982,19.186078,-96.955255,Lahar,Sochiapa,0.3408533040,0.6152430180,0.816886544,-0.739332199,1960,0.02204875,0.02118250,0.04048750,0.02217250,0.27690500,0.05580500,0.13199375,Flujo,29.01440745
1_000000000000000002ce,1,1791,Veracruz de Ignacio de la Llave,2015,Campo_2015,19 11 47.902,-97 2 44.468,19.196636,-97.045686,Caliza-Doloma,Huatusco,0.2507421970,0.5347085600,0.733139873,-0.668146193,2215,0.02429000,0.02682000,0.05506250,0.04367750,0.28059000,0.07676000,0.15835250,Flujo,14.86260187
1_000000000000000002cf,1,1376,Veracruz de Ignacio de la Llave,2015,Campo_2015,19 12 18.975,-96 57 6.524,19.202421,-96.951812,Toba andestica,Totutla,0.1691754460,0.3534772990,0.524421215,-0.532840252,1963,0.01701625,0.03043625,0.07676000,0.07846500,0.25364000,0.11719875,0.18234625,Flujo,15.3627069
1_000000000000000002d0,1,1069,Veracruz de Ignacio de la Llave,2015,Campo_2015,19 17 8.032,-96 56 49.169,19.285564,-96.947269,Toba andestica,Tlaltetela,0.2384897770,0.5005804900,0.648052394,-0.640428126,1795,0.01896875,0.02398750,0.05427875,0.05397625,0.23928500,0.08198500,0.14641750,Flujo,21.31515165
1_000000000000000002d2,1,1473,Veracruz de Ignacio de la Llave,2015,Campo_2015,19 14 12.033,-96 59 35.385,19.236676,-96.993162,Toba andestica,Tlaltetela,0.2118592110,0.4804472030,0.737265408,-0.692898154,1968,0.02519750,0.02572000,0.04575375,0.04018500,0.26084500,0.09492375,0.17269375,Flujo,2.780288516
1_000000000000000002d3,1,1198,Veracruz de Ignacio de la Llave,2015,Campo_2015,19 14 57.662,-96 55 45.364,19.249351,-96.931212,Toba andestica,Totutla,0.2075303200,0.4491440060,0.572411180,-0.595251441,1933,0.02286000,0.03017500,0.07264875,0.07142500,0.26887500,0.10875625,0.18995000,Flujo,6.272038723
1_000000000000000002d4,1,2047,Veracruz de Ignacio de la Llave,2015,Campo_2015,19 9 26.209,-97 4 1.049,19.15728,-97.066958,Toba andestica,Calcahualco,0.2816226180,0.5499163270,0.694019139,-0.652741373,1992,0.03028500,0.03460250,0.06530625,0.05429250,0.29865750,0.09250375,0.17478375,Flujo,9.970312224
1_000000000000000002d6,1,1334,Veracruz de Ignacio de la Llave,2015,Campo_2015,19 10 17.281,-96 57 43.587,19.171467,-96.962096,Toba andestica,Huatusco,0.3037558500,0.5654847030,0.776493907,-0.697514117,1956,0.02543125,0.02767250,0.05339875,0.03830125,0.32736750,0.07687000,0.16294500,Flujo,19.86765143
1_000000000000000002d7,1,1192,Veracruz de Ignacio de la Llave,2015,Campo_2015,19 10 13.801,-96 55 24.278,19.169945,-96.923411,Lahar,Sochiapa,0.3247828780,0.5960317850,0.831892967,-0.755941093,1937,0.02462000,0.02349250,0.04128500,0.02822250,0.30963000,0.07566000,0.16330250,Flujo,14.45067289
1_000000000000000002d8,1,1843,Veracruz de Ignacio de la Llave,2015,Campo_2015,19 10 50.161,-97 2 39.742,19.179378,-97.044373,Caliza-Doloma,Huatusco,0.2973551150,0.5604322550,0.728564978,-0.646297991,2087,0.02739750,0.02995500,0.05925625,0.04908125,0.29973000,0.08682500,0.17045250,Flujo,13.37485704
1_000000000000000002db,1,1064,Veracruz de Ignacio de la Llave,2015,Campo_2015,19 11 34.499,-96 53 3.898,19.192916,-96.884416,Lahar,Totutla,0.2697091400,0.5473224520,0.774393499,-0.715075374,1829,0.01848750,0.02321750,0.05058000,0.03325500,0.30050000,0.07315750,0.15915000,Flujo,6.841843288
1_000000000000000002dd,1,1270,Veracruz de Ignacio de la Llave,2015,Campo_2015,19 12 27.264,-96 55 19.318,19.21324,-96.918919,Lahar,Totutla,0.2586182360,0.4950173500,0.674506962,-0.637692690,1972,0.03494625,0.03710500,0.05946250,0.05018125,0.26590500,0.09012500,0.15506625,Flujo,20.88796836
1_000000000000000002ea,1,1350,Veracruz de Ignacio de la Llave,2015,Campo_2015,19 11 33.804,-96 57 20.808,19.192723,-96.95578,Toba andestica,Totutla,0.1777154650,0.3983655870,0.524722815,-0.522830665,1960,0.02624250,0.02779625,0.05830750,0.05906375,0.18605875,0.07816250,0.13193875,Flujo,5.477454647
1_000000000000000003cd,1,1545,Veracruz de Ignacio de la Llave,2015,Campo_2015,19 3 0.505,-97 3 41.590,19.05014,-97.061553,Lahar,Coscomatepec,0.3749165530,0.6405099030,0.810189784,-0.741864145,1916,0.02343750,0.03050500,0.06614500,0.04370500,0.43662500,0.09084000,0.19127000,Flujo,24.36330661
9_000000000000000001e1,1,4381,Puebla,2013,Google Earth_2013,19 2 11.554,-97 17 24.201,19.036543,-97.290056,Dacita-Andesita,Tlachichuca,-0.3113525210,-0.2052271370,0.297326356,-0.408643097,2017,0.00594750,0.01445875,0.03234750,0.03861750,0.07759875,0.11332125,0.13827750,Cado,30.55211626
9_000000000000000001e2,1,4394,Puebla,2013,Google Earth_2013,19 2 22.868,-97 17 17.794,19.039686,-97.288276,Dacita-Andesita,Tlachichuca,-0.1896531130,-0.1045839940,0.229162902,-0.307305485,2002,0.00930250,0.02668250,0.04959000,0.05869250,0.09359000,0.09661500,0.10866000,Cado,57.45697928
9_000000000000000001e7,1,3930,Puebla,2013,Google Earth_2013,19 8 33.347,-97 16 30.095,19.1426,-97.275026,Andesita-Dacita,Tlachichuca,-0.0430999360,0.0619293150,0.279107988,-0.361544251,1810,0.04138125,0.05432000,0.08696250,0.10445250,0.18533000,0.16522750,0.20310875,Cado,5.023114657
9_000000000000000001e8,1,3625,Puebla,2013,Google Earth_2013,19 9 8.150,-97 15 37.111,19.152264,-97.260309,Andesita-Dacita,Tlachichuca,-0.1068232800,0.0257237070,0.344135553,-0.406429589,1735,0.04481875,0.05671250,0.08351125,0.10082250,0.20207750,0.18262125,0.23505000,Cado,49.69599642
9_000000000000000001e9,1,3886,Puebla,2013,Google Earth_2013,19 9 20.751,-97 15 43.263,19.155764,-97.262017,Andesita-Dacita,Tlachichuca,-0.1140687990,0.0694774540,0.387703806,-0.440643996,1778,0.01914750,0.03424500,0.05916000,0.06389000,0.12386750,0.09565250,0.13107250,Cado,27.00045272
9_000000000000000001ea,1,3641,Puebla,2013,Google Earth_2013,19 9 37.448,-97 15 13.753,19.160402,-97.25382,Andesita-Dacita,Tlachichuca,0.1296644960,0.3281590340,0.590053380,-0.600214601,1650,0.01681000,0.02627000,0.05030500,0.05144625,0.16605250,0.08385500,0.13028875,Cado,38.78060852
9_0000000000000000022e,1,4348,Veracruz de Ignacio de la Llave,2013,Spot_2013,19 0 16.975,-97 16 29.831,19.004715,-97.274953,Dacita-Andesita,La Perla,-0.1848929670,-0.1300547720,0.129999876,-0.233598843,2056,0.01117250,0.03182500,0.06771250,0.08446000,0.11127250,0.14157750,0.15843500,Cado,14.61839902
9_0000000000000000022f,1,4550,Veracruz de Ignacio de la Llave,2013,Spot_2013,19 0 40.471,-97 16 33.282,19.011242,-97.275912,Andesita-Dacita,La Perla,-0.2327512950,-0.1819154770,0.127976343,-0.236860037,2101,0.01967000,0.03218250,0.05823875,0.07372125,0.09942000,0.14273250,0.15722500,Cado,20.65583876
9_00000000000000000230,1,3846,Puebla,2013,Spot_2013,19 2 3.316,-97 18 40.273,19.034254,-97.311187,Dacita-Andesita,Chalchicomula de Sesma,-0.0595395940,-0.0085283710,0.105842113,-0.156116366,1759,0.01522875,0.02046750,0.03025750,0.03392875,0.04044625,0.04076250,0.04574000,Deslizamiento,26.02823378
9_00000000000000000235,1,2639,Puebla,2013,Spot_2013,19 9 35.888,-97 13 39.026,19.16,-97.227514,Andesita-Dacita,Tlachichuca,0.0762621910,0.2901841100,0.519150496,-0.528372943,1118,0.02745250,0.03328250,0.04596000,0.04978250,0.17246000,0.10665250,0.12884500,Deslizamiento,13.93910979
9_000000000000000001e0,1,1137,Veracruz de Ignacio de la Llave,2013,Google Earth_2013,18 59 41.563,-96 59 27.124,18.994879,-96.990868,Lahar,Tomatln,0.3782350720,0.6795112490,0.859007299,-0.767334640,2102,0.02251625,0.02067375,0.03441000,0.01983500,0.26594625,0.05122625,0.12268500,Deslizamiento,29.15702373
9_000000000000000001e3,1,1484,Veracruz de Ignacio de la Llave,2013,Google Earth_2013,19 2 39.480,-97 2 14.726,19.048472,-97.037424,Lahar,Coscomatepec,0.1516271230,0.3595069050,0.245029122,-0.301537126,1950,0.03117875,0.04156000,0.07050375,0.07781875,0.12326250,0.05660250,0.08919000,Deslizamiento,29.97642978
9_000000000000000001e4,1,1864,Veracruz de Ignacio de la Llave,2013,Google Earth_2013,19 3 41.967,-97 6 12.932,19.061657,-97.103585,Lahar,Coscomatepec,0.2285892070,0.4068285520,0.513669610,-0.513267100,1830,0.04143625,0.05229875,0.07401000,0.07376250,0.23513250,0.09833375,0.14655500,Deslizamiento,47.12692247
9_000000000000000001e5,1,1988,Veracruz de Ignacio de la Llave,2013,Google Earth_2013,19 3 46.719,-97 7 38.505,19.062998,-97.127363,Caliza,Coscomatepec,0.0176543520,0.1525276150,0.350234330,-0.394134790,1747,0.05385250,0.06207500,0.09348000,0.10932000,0.23491250,0.17182750,0.22187750,Deslizamiento,12.11548341
9_000000000000000001e6,1,1915,Veracruz de Ignacio de la Llave,2013,Google Earth_2013,19 3 45.290,-97 6 17.776,19.062553,-97.104938,Lahar,Coscomatepec,0.1142800750,0.1924102460,0.094489209,-0.184307083,1829,0.06114000,0.07095750,0.09584500,0.11306000,0.14069750,0.08569750,0.10175750,Deslizamiento,27.12309102
9_00000000000000000231,1,2847,Veracruz de Ignacio de la Llave,2013,Spot_2013,19 3 16.586,-97 11 11.016,19.054438,-97.186407,Andesita-Dacita,Coscomatepec,0.0536547640,0.2273175270,0.418774813,-0.456697315,1238,0.04817375,0.05393500,0.07377625,0.07985375,0.19256250,0.12348250,0.17489375,Deslizamiento,32.53941831
9_00000000000000000232,1,1974,Veracruz de Ignacio de la Llave,2013,Spot_2013,19 3 47.772,-97 7 42.322,19.06327,-97.128423,Caliza,Coscomatepec,0.1322602630,0.3526515960,0.634219408,-0.623300135,1747,0.01862500,0.02217250,0.03798500,0.03663750,0.16368750,0.07824500,0.12705750,Deslizamiento,38.83224838
9_00000000000000000233,1,1550,Veracruz de Ignacio de la Llave,2013,Spot_2013,19 8 10.425,-97 0 37.150,19.136242,-97.010319,Caliza-Doloma,Huatusco,0.1120839640,0.3455649020,0.582102478,-0.551368773,2024,0.03776500,0.04175250,0.07346000,0.06911500,0.25402500,0.12348250,0.20282000,Deslizamiento,32.34436173
9_00000000000000000234,1,1989,Veracruz de Ignacio de la Llave,2013,Spot_2013,19 8 29.288,-97 9 17.520,19.141469,-97.154867,Andesita-Dacita,Calcahualco,0.0189726910,0.2661028210,0.595228910,-0.624322057,1549,0.03974500,0.04172500,0.06339500,0.07060000,0.26752750,0.17207500,0.28840000,Deslizamiento,23.08816572
9_000000000000000002b6,1,2348,Veracruz de Ignacio de la Llave,2013,Google Earth_2013,18 49 59.189,-97 18 1.380,18.833108,-97.300383,Caliza-Lutita,Maltrata,-0.0204961880,0.0820948110,0.280620992,-0.315433264,584,0.05412750,0.06452250,0.08226000,0.08935500,0.16014000,0.12758000,0.16195500,Deslizamiento,32.55701735
9_000000000000000002c4,1,1827,Veracruz de Ignacio de la Llave,2013,Spot_2013,18 57 38.326,-97 8 25.627,18.960646,-97.140466,Lutita-Caliza,La Perla,0.1414434910,0.3149790760,0.571403980,-0.538159072,1495,0.04927375,0.05308250,0.08232875,0.07472500,0.27471875,0.14274625,0.20621625,Deslizamiento,30.49852767
9_000000000000000002c5,1,1836,Veracruz de Ignacio de la Llave,2013,Spot_2013,18 57 39.210,-97 8 23.056,18.960892,-97.139738,Lutita-Caliza,La Perla,0.1249037910,0.3162547050,0.549394608,-0.531315386,1495,0.04865500,0.04952125,0.08142125,0.07758500,0.26686750,0.13767250,0.20646375,Deslizamiento,28.1231927
9_00000000000000000393,1,2434,Veracruz de Ignacio de la Llave,2013,Google Earth_2013,18 53 17.906,-97 15 1.629,18.888585,-97.250452,Lahar,Maltrata,0.3535690010,0.6463127730,0.869986236,-0.788268566,721,0.01220375,0.01583375,0.03761375,0.02258500,0.29900125,0.06798750,0.14439625,Deslizamiento,28.26699496
9_00000000000000000394,1,2508,Veracruz de Ignacio de la Llave,2013,Google Earth_2013,18 54 57.479,-97 11 6.228,18.915969,-97.185063,Caliza-Doloma,Ixhuatlancillo,0.1219470280,0.3333696420,0.644645989,-0.590571642,1065,0.03127500,0.03658250,0.06301000,0.05289000,0.24478500,0.12238250,0.19157250,Deslizamiento,48.71168484
9_000000000000000003a2,1,1812,Veracruz de Ignacio de la Llave,2013,Spot_2013,18 50 35.991,-97 15 6.906,18.843329,-97.251918,Lutita-Caliza,Maltrata,0.0056753260,0.2107044010,0.386370927,-0.427794963,941,0.03098625,0.03897500,0.08476250,0.09874625,0.20323250,0.13676500,0.21019000,Deslizamiento,26.36804662
9_000000000000000003a3,1,2400,Veracruz de Ignacio de la Llave,2013,Spot_2013,18 57 40.751,-97 11 41.397,18.96132,-97.194833,Lahar,Mariano Escobedo,0.2986353930,0.6079487800,0.846305668,-0.754236519,1141,0.02022000,0.01887250,0.03339250,0.01984875,0.22255125,0.05737250,0.12598500,Deslizamiento,37.820173
9_000000000000000001c4,1,3958,Puebla,2013,Google Earth_2013,19 1 31.099,-97 18 43.373,19.025305,-97.312048,Dacita-Andesita,Chalchicomula de Sesma,-0.0571203790,0.0526593180,0.311719447,-0.410562754,1823,0.03141250,0.04090000,0.06259750,0.07860250,0.15114750,0.14474000,0.16795000,Flujo,20.04020289
9_000000000000000001ce,1,3487,Puebla,2013,Google Earth_2013,19 5 15.847,-97 18 49.906,19.093302,-97.313863,Lahar,Tlachichuca,0.0570451170,0.1640490140,0.357424378,-0.448724777,1605,0.02562375,0.03216875,0.05089625,0.06265250,0.14326875,0.10096000,0.12322125,Flujo,11.36146882
9_000000000000000001cf,1,3814,Puebla,2013,Google Earth_2013,19 5 34.877,-97 16 13.067,19.092994,-97.270325,Andesita-Dacita,Tlachichuca,0.0348219420,0.2532972690,0.471544892,-0.539662898,1796,0.01132375,0.02595375,0.05966875,0.06871625,0.17277625,0.10940250,0.15923250,Flujo,24.19861091
9_000000000000000001d0,1,3711,Puebla,2013,Google Earth_2013,19 5 34.668,-97 16 0.190,19.092963,-97.266719,Andesita-Dacita,Tlachichuca,-0.1588785500,-0.0619398540,0.177251667,-0.240446448,1779,0.05557125,0.07274500,0.09887000,0.11427000,0.17151125,0.18641625,0.23538000,Flujo,27.99986006
9_000000000000000001d3,1,2767,Puebla,2013,Google Earth_2013,19 8 3.210,-97 13 49.218,19.134225,-97.230338,Andesita-Dacita,Tlachichuca,0.1438176630,0.3833585380,0.636488616,-0.621843696,1145,0.03006500,0.03663750,0.05916000,0.06235000,0.22740500,0.12452750,0.19184750,Flujo,43.51664898
9_000000000000000001d4,1,2740,Puebla,2013,Google Earth_2013,19 8 4.781,-97 13 53.859,19.134661,-97.231628,Andesita-Dacita,Tlachichuca,0.2933834490,0.5838352440,0.783161938,-0.683320463,1156,0.01758000,0.01939500,0.03320000,0.02511500,0.20337000,0.05663000,0.11108000,Flujo,36.85484605
9_000000000000000001d6,1,3229,Puebla,2013,Google Earth_2013,19 8 34.995,-97 13 38.437,19.143054,-97.227344,Andesita-Dacita,Tlachichuca,0.2596753540,0.5198414920,0.753645182,-0.686660230,1458,0.01584750,0.01956000,0.03655500,0.02819500,0.20070250,0.06512750,0.13401500,Flujo,43.36507647
9_000000000000000001d7,1,2657,Puebla,2013,Google Earth_2013,19 8 33.894,-97 12 54.510,19.144136,-97.215142,Andesita-Dacita,Tlachichuca,0.0984221550,0.3561361730,0.670456588,-0.640838683,979,0.02247500,0.02899250,0.05245000,0.04299000,0.23895500,0.10943000,0.18128750,Flujo,43.63131813
9_000000000000000001d8,1,2639,Puebla,2013,Google Earth_2013,19 8 37.365,-97 12 46.508,19.143739,-97.212919,Andesita-Dacita,Tlachichuca,0.1150184420,0.3686257900,0.634366930,-0.611221969,897,0.03045000,0.03391500,0.05217500,0.05214750,0.20554250,0.10753250,0.17636500,Flujo,39.5600169
9_000000000000000001d9,1,2520,Puebla,2013,Google Earth_2013,19 8 38.995,-97 12 24.932,19.144432,-97.206926,Andesita-Dacita,Tlachichuca,0.1522571440,0.4222090840,0.672812104,-0.634541512,1054,0.03012000,0.03573000,0.05676750,0.05195500,0.24566500,0.10951250,0.16726250,Flujo,33.99523742
9_000000000000000001da,1,2572,Puebla,2013,Google Earth_2013,19 8 46.436,-97 12 16.343,19.146235,-97.204539,Andesita-Dacita,Tlachichuca,0.1606795190,0.4293128850,0.702865481,-0.672336876,1140,0.03221000,0.03567500,0.05905000,0.04989250,0.29673250,0.10965000,0.20037250,Flujo,14.62257742
9_000000000000000001db,1,3850,Puebla,2013,Google Earth_2013,19 8 55.643,-97 16 52.977,19.14879,-97.281383,Andesita-Dacita,Tlachichuca,-0.0792632030,0.0718709680,0.332397848,-0.411905378,1789,0.02169125,0.03190750,0.05198250,0.06247375,0.12484375,0.10816500,0.14654125,Flujo,11.36173652
9_000000000000000001dc,1,3491,Puebla,2013,Google Earth_2013,19 9 3.506,-97 15 35.684,19.150974,-97.259912,Andesita-Dacita,Tlachichuca,0.0434121940,0.2212982770,0.431613326,-0.467443734,1710,0.02816750,0.04337500,0.06697000,0.07434000,0.21296750,0.13789250,0.19333250,Flujo,23.23866235
9_000000000000000001dd,1,3022,Puebla,2013,Google Earth_2013,19 9 6.255,-97 13 41.054,19.151737,-97.228071,Andesita-Dacita,Tlachichuca,0.2595888080,0.5124173160,0.744854867,-0.703680992,1308,0.01403250,0.01612250,0.03507000,0.03075250,0.17897750,0.06496250,0.12397750,Flujo,41.74587401
9_000000000000000001de,1,3089,Puebla,2013,Google Earth_2013,19 9 11.510,-97 14 33.377,19.153197,-97.242605,Andesita-Dacita,Tlachichuca,0.2017609330,0.4644680320,0.696359277,-0.639594913,1327,0.01967000,0.02288750,0.04494250,0.04120250,0.20496500,0.08440500,0.15389750,Flujo,53.17112435
9_000000000000000001df,1,3837,Puebla,2013,Google Earth_2013,19 9 22.615,-97 15 38.817,19.156282,-97.260783,Andesita-Dacita,Tlachichuca,-0.3145587740,-0.1909656970,0.332716584,-0.406784683,1785,0.01491250,0.02990000,0.05239500,0.06215750,0.11132750,0.08591750,0.10934750,Flujo,45.29844462
9_0000000000000000021f,1,3135,Puebla,2013,Spot_2013,19 6 22.577,-97 14 42.998,19.106271,-97.245277,Andesita-Dacita,Tlachichuca,0.1278971140,0.3878931110,0.649154007,-0.622857034,1424,0.02405625,0.02602250,0.05264250,0.04901250,0.22262000,0.09887000,0.17384875,Flujo,23.24399381
9_00000000000000000220,1,3017,Puebla,2013,Spot_2013,19 7 18.218,-97 20 36.112,19.121727,-97.343364,Pumicita,Tlachichuca,0.2135950180,0.4443444010,0.672339618,-0.658009827,1000,0.01686500,0.02360250,0.04462625,0.04182125,0.20371375,0.07798375,0.13244750,Flujo,22.10279355
9_00000000000000000221,1,3003,Puebla,2013,Spot_2013,19 7 22.935,-97 20 51.933,19.123037,-97.347759,Pumicita,Tlachichuca,0.1614273190,0.3983168300,0.612065017,-0.615374386,982,0.02151250,0.02646250,0.05071750,0.04785750,0.22721250,0.09760500,0.16635500,Flujo,23.72491428
9_00000000000000000223,1,2524,Puebla,2013,Spot_2013,19 8 11.814,-97 13 11.728,19.136615,-97.219924,Andesita-Dacita,Tlachichuca,0.1438251140,0.3828166430,0.702152371,-0.658007085,920,0.01722250,0.02244750,0.03860375,0.03505625,0.19960250,0.08776000,0.15143625,Flujo,51.51186892
9_00000000000000000224,1,2611,Puebla,2013,Spot_2013,19 8 15.780,-97 13 8.865,19.137717,-97.219129,Andesita-Dacita,Tlachichuca,0.0566405430,0.2836267350,0.536641419,-0.545479774,978,0.03186625,0.03812250,0.06405500,0.07157625,0.24089375,0.14093125,0.20658750,Flujo,53.18837826
9_00000000000000000227,1,2998,Puebla,2013,Spot_2013,19 8 49.841,-97 19 58.468,19.147178,-97.332908,Pumicita,Tlachichuca,0.0945338460,0.2890957000,0.568611205,-0.581100047,1116,0.02775500,0.03179750,0.05038750,0.05256000,0.19454250,0.09997000,0.14960750,Flujo,27.80597418
9_00000000000000000229,1,2867,Puebla,2013,Spot_2013,19 9 15.057,-97 13 8.147,19.154185,-97.218935,Andesita-Dacita,Tlachichuca,0.1988638790,0.4535372260,0.742188036,-0.689441979,1050,0.01770375,0.02145750,0.04556125,0.03530375,0.21540125,0.09249000,0.16550250,Flujo,50.8548442
9_0000000000000000022a,1,2433,Puebla,2013,Spot_2013,19 9 16.002,-97 12 40.774,19.154445,-97.211326,Andesita-Dacita,Tlachichuca,0.1535907980,0.4477599560,0.735143065,-0.666546464,1028,0.03262250,0.03493250,0.05324750,0.04937000,0.28235000,0.11449000,0.20089500,Flujo,37.21822085
9_0000000000000000022d,1,2920,Puebla,2013,Spot_2013,19 9 39.569,-97 20 4.394,19.16099,-97.334554,Pumicita,Tlachichuca,0.0949826840,0.2758265440,0.517715037,-0.517786741,998,0.03806750,0.04697750,0.06867500,0.07233250,0.21615750,0.12920250,0.18813500,Flujo,27.43569082
9_000000000000000002b4,1,4224,Puebla,2013,Google Earth_2013,18 58 49.984,-97 18 21.964,18.980551,-97.306101,Dacita-Andesita,Atzitzintla,-0.0136784820,0.0114380560,0.041289456,-0.149947062,1909,0.07321250,0.09507500,0.13710875,0.17074125,0.18546750,0.18124625,0.19058250,Flujo,30.71819004
9_000000000000000002b5,1,4500,Puebla,2013,Google Earth_2013,18 59 2.195,-97 18 41.294,18.983943,-97.311471,Dacita-Andesita,Atzitzintla,0.0577430730,0.0707680660,0.017790129,-0.129836068,2013,0.06602125,0.08985000,0.13661375,0.17119500,0.17738250,0.15393875,0.15800875,Flujo,25.81221578
9_000000000000000002c3,1,2708,Puebla,2013,Spot_2013,18 56 6.194,-97 22 43.067,18.935054,-97.37863,Basalto,Chalchicomula de Sesma,0.0061770310,0.1431162360,0.299537688,-0.380408883,685,0.05198250,0.05896750,0.08613750,0.10340750,0.19261750,0.13948750,0.19160000,Flujo,6.269456353
9_00000000000000000392,1,2581,Puebla,2013,Google Earth_2013,18 56 31.311,-97 25 0.791,18.939225,-97.416886,Toba andestica,Chalchicomula de Sesma,-0.0018742780,0.1513920870,0.422381431,-0.442759484,591,0.04345750,0.05267000,0.07651250,0.08297500,0.19963000,0.13489500,0.19844750,Flujo,23.00281558
9_000000000000000003a1,1,2821,Puebla,2013,Spot_2013,18 55 2.085,-97 19 1.370,18.917246,-97.317047,Andesita-Dacita,Atzitzintla,0.0179663080,0.1270535140,0.229389325,-0.320325345,919,0.03248500,0.04249500,0.06048000,0.08033500,0.13343750,0.10335250,0.13264000,Flujo,18.08719985
9_000000000000000001c2,1,1127,Veracruz de Ignacio de la Llave,2013,Google Earth_2013,18 59 16.436,-96 58 54.198,18.987899,-96.981722,Lahar,Tomatln,0.3362402320,0.6661774520,0.865660667,-0.759076834,2081,0.02726000,0.02495000,0.04164250,0.02167750,0.31598250,0.06083750,0.14474000,Flujo,22.6821212
9_000000000000000001c3,1,1134,Veracruz de Ignacio de la Llave,2013,Google Earth_2013,18 59 28.470,-96 59 25.521,18.991242,-96.990423,Lahar,Chocamn,0.3052286210,0.5821701290,0.779524565,-0.704089344,2099,0.02297000,0.02137500,0.04235750,0.03204500,0.23661750,0.06248750,0.13143000,Flujo,8.947271167
9_000000000000000001c5,1,1301,Veracruz de Ignacio de la Llave,2013,Google Earth_2013,19 1 37.319,-97 1 19.387,19.027033,-97.022052,Lahar,Tomatln,0.3248756230,0.6137776370,0.713246226,-0.648406625,2005,0.03032625,0.03237500,0.05929750,0.04286625,0.27448500,0.06731375,0.13952875,Flujo,14.37945961
9_000000000000000001c6,1,1392,Veracruz de Ignacio de la Llave,2013,Google Earth_2013,19 1 50.998,-97 1 29.754,19.025277,-97.024932,Marga-Lutita,Coscomatepec,0.3598005470,0.6541270020,0.813674152,-0.725646675,1990,0.02379500,0.02429000,0.03644500,0.02380875,0.22882125,0.04824250,0.10930625,Flujo,33.7406371
9_000000000000000001c7,1,3177,Veracruz de Ignacio de la Llave,2013,Google Earth_2013,19 3 0.917,-97 12 18.507,19.050255,-97.205141,Andesita-Dacita,Calcahualco,0.1334269790,0.3592127560,0.678841174,-0.623979092,1661,0.00399500,0.01155750,0.04857250,0.04013000,0.21071250,0.10346250,0.16462250,Flujo,27.91647845
9_000000000000000001c8,1,3289,Veracruz de Ignacio de la Llave,2013,Google Earth_2013,19 3 3.030,-97 12 29.420,19.050842,-97.208172,Andesita-Dacita,Calcahualco,-0.1200639230,-0.0669054690,0.152303353,-0.251972765,1693,0.05525500,0.07533000,0.12441750,0.15128500,0.20823750,0.20834750,0.23755250,Flujo,41.07823491
9_000000000000000001c9,1,3092,Veracruz de Ignacio de la Llave,2013,Google Earth_2013,19 3 9.281,-97 12 2.557,19.052578,-97.20071,Andesita-Dacita,Calcahualco,0.0702822880,0.2454207690,0.569162250,-0.541131675,1601,0.02605000,0.03432750,0.06860625,0.06323000,0.23032000,0.13691625,0.19674250,Flujo,7.854967256
9_000000000000000001ca,1,3058,Veracruz de Ignacio de la Llave,2013,Google Earth_2013,19 3 13.490,-97 11 52.112,19.053642,-97.197809,Andesita-Dacita,Calcahualco,0.0253668580,0.2165085230,0.523529768,-0.529078245,1504,0.02530750,0.03687125,0.06710750,0.06646125,0.21863250,0.12866625,0.19272750,Flujo,42.10004897
9_000000000000000001cb,1,1031,Veracruz de Ignacio de la Llave,2013,Google Earth_2013,19 3 36.610,-96 55 38.812,19.05992,-96.927448,Lahar,Ixhuatln del Caf,0.3611190320,0.6052646040,0.805578649,-0.659648180,1954,0.01386750,0.01400500,0.03023000,0.01689250,0.15400750,0.03641750,0.08272750,Flujo,38.50851066
9_000000000000000001cc,1,3856,Veracruz de Ignacio de la Llave,2013,Google Earth_2013,19 4 15.752,-97 15 5.048,19.071042,-97.251402,Andesita-Dacita,Calcahualco,-0.2316872920,-0.2014459820,0.214339629,-0.240884304,1836,0.02717750,0.03985500,0.07258000,0.07676000,0.11864250,0.13550000,0.14397000,Flujo,33.73330937
9_000000000000000001cd,1,3027,Veracruz de Ignacio de la Llave,2013,Google Earth_2013,19 4 52.611,-97 12 14.287,19.081281,-97.203969,Andesita-Dacita,Calcahualco,0.3108426630,0.5226594810,0.714889944,-0.664261699,1365,0.01010000,0.01524250,0.03529000,0.03067000,0.17603500,0.07046250,0.12224500,Flujo,30.40328708
9_000000000000000001d1,1,2939,Veracruz de Ignacio de la Llave,2013,Google Earth_2013,19 6 7.781,-97 12 34.175,19.102161,-97.209493,Andesita-Dacita,Calcahualco,0.1424568590,0.3864302340,0.558353722,-0.566358626,1186,0.00781750,0.02145750,0.05685000,0.05818375,0.20295750,0.07396875,0.12538000,Flujo,19.72747773
9_000000000000000001d2,1,2796,Veracruz de Ignacio de la Llave,2013,Google Earth_2013,19 6 22.938,-97 12 7.382,19.106233,-97.202051,Andesita-Dacita,Calcahualco,0.1617647110,0.3732916120,0.675411224,-0.628039181,1083,0.02145750,0.02445500,0.04612500,0.04197250,0.20188500,0.09911750,0.18282750,Flujo,39.72782314
9_000000000000000001d5,1,2584,Veracruz de Ignacio de la Llave,2013,Google Earth_2013,19 8 6.566,-97 12 34.294,19.135157,-97.209526,Andesita-Dacita,Calcahualco,0.2587145570,0.6115448470,0.836537480,-0.707492352,1030,0.01290500,0.01568250,0.03287000,0.01989000,0.15378750,0.05426500,0.09400250,Flujo,29.56752171
9_0000000000000000020f,1,1413,Veracruz de Ignacio de la Llave,2013,Spot_2013,18 59 27.812,-97 3 6.642,18.99092,-97.051845,Lahar,Chocamn,0.3418376450,0.6636993290,0.860158503,-0.775601029,1988,0.03098625,0.02792000,0.04576750,0.02701250,0.34748375,0.07226375,0.17375250,Flujo,45.34406675
9_00000000000000000210,1,1879,Veracruz de Ignacio de la Llave,2013,Spot_2013,18 59 43.475,-97 6 47.449,18.995408,-97.11318,Lahar,Coscomatepec,0.3201580350,0.6356300710,0.840366423,-0.763648152,1684,0.01953250,0.01928500,0.03075250,0.01978000,0.24657250,0.05080000,0.11743250,Flujo,5.620750253
9_00000000000000000211,1,1894,Veracruz de Ignacio de la Llave,2013,Spot_2013,18 59 57.579,-97 7 23.235,18.999327,-97.123121,Lahar,Coscomatepec,0.3493545350,0.6488931780,0.863629699,-0.775742710,1702,0.01903750,0.01664500,0.02356125,0.01311125,0.18095750,0.04043250,0.09227000,Flujo,54.32823458
9_00000000000000000212,1,3018,Veracruz de Ignacio de la Llave,2013,Spot_2013,19 0 14.670,-97 12 43.631,19.004075,-97.212119,Andesita-Dacita,La Perla,0.1026321050,0.2795085610,0.568021655,-0.565436959,1383,0.03034000,0.03962125,0.06192375,0.06164875,0.22242750,0.12617750,0.18172750,Flujo,35.18150364
9_00000000000000000213,1,2798,Veracruz de Ignacio de la Llave,2013,Spot_2013,19 0 18.040,-97 12 32.897,19.005011,-97.209138,Andesita-Dacita,La Perla,0.2299405930,0.4914740620,0.757359385,-0.658185899,1264,0.02354750,0.02514250,0.05635500,0.04010250,0.26631750,0.09122500,0.16674000,Flujo,35.24553663
9_00000000000000000214,1,2604,Veracruz de Ignacio de la Llave,2013,Spot_2013,19 0 31.528,-97 11 42.157,19.008758,-97.195044,Lahar,La Perla,0.2791237240,0.5530782940,0.782117844,-0.699034274,1103,0.02503250,0.02748000,0.05377000,0.03377750,0.25355750,0.11020000,0.18447750,Flujo,13.61802713
9_00000000000000000215,1,3771,Veracruz de Ignacio de la Llave,2013,Spot_2013,19 0 38.277,-97 14 12.267,19.010633,-97.236741,Andesita-Dacita,La Perla,-0.0227524100,0.1101435050,0.344852954,-0.420083404,1856,0.03472625,0.04776125,0.07594875,0.09063375,0.18597625,0.14934625,0.19494125,Flujo,44.67881335
9_00000000000000000216,1,3181,Veracruz de Ignacio de la Llave,2013,Spot_2013,19 0 49.311,-97 13 1.016,19.013697,-97.216977,Andesita-Dacita,La Perla,0.2400571850,0.4866755310,0.758616269,-0.723968148,1500,0.01692000,0.02052250,0.03658250,0.02638000,0.21541500,0.06477000,0.12232750,Flujo,7.799573461
9_00000000000000000217,1,2918,Veracruz de Ignacio de la Llave,2013,Spot_2013,19 1 20.325,-97 12 42.959,19.022299,-97.213308,Andesita-Dacita,La Perla,0.1561340990,0.3638750310,0.689273357,-0.643428683,1358,0.02396000,0.02789250,0.05275250,0.04472250,0.21395750,0.10082250,0.17746500,Flujo,4.893390933
9_00000000000000000218,1,2947,Veracruz de Ignacio de la Llave,2013,Spot_2013,19 1 23.084,-97 12 48.307,19.023023,-97.214807,Andesita-Dacita,La Perla,0.2182102500,0.4777061340,0.748756528,-0.676085353,1427,0.02702625,0.03023000,0.05491125,0.03980000,0.25540000,0.08535375,0.16625875,Flujo,12.66178982
9_00000000000000000219,1,2014,Veracruz de Ignacio de la Llave,2013,Spot_2013,19 2 6.756,-97 7 14.530,19.03521,-97.120975,Lahar,Coscomatepec,0.3111430700,0.6312392350,0.848456562,-0.784792721,1792,0.02948750,0.02965250,0.04744500,0.03177000,0.37447500,0.09136250,0.19028000,Flujo,4.729338046
9_0000000000000000021a,1,3212,Veracruz de Ignacio de la Llave,2013,Spot_2013,19 3 7.093,-97 12 10.619,19.05197,-97.203061,Andesita-Dacita,Calcahualco,0.0878198520,0.2965834140,0.590661526,-0.537718952,1632,0.02584375,0.03452000,0.06163500,0.05579125,0.21683125,0.11234500,0.17628250,Flujo,59.9902537
9_0000000000000000021b,1,2233,Veracruz de Ignacio de la Llave,2013,Spot_2013,19 3 43.929,-97 8 37.103,19.062202,-97.143615,Lahar,Coscomatepec,0.2735487520,0.5353403090,0.655955493,-0.612445354,1358,0.03372250,0.03941500,0.06485250,0.05528250,0.26425500,0.07896000,0.15073500,Flujo,11.92467285
9_0000000000000000021c,1,2190,Veracruz de Ignacio de la Llave,2013,Spot_2013,19 3 46.298,-97 8 32.934,19.062887,-97.142482,Lahar,Alpatlhuac,0.2631893160,0.5727004410,0.796909332,-0.727681339,1319,0.02412500,0.02544500,0.05327500,0.03707750,0.32805500,0.09425000,0.19135250,Flujo,23.23854433
9_0000000000000000021d,1,3123,Veracruz de Ignacio de la Llave,2013,Spot_2013,19 4 5.265,-97 11 43.519,19.068129,-97.195422,Andesita-Dacita,Calcahualco,0.0220229960,0.1628333030,0.273324698,-0.347845107,1353,0.07319875,0.08455625,0.11248250,0.13295625,0.23826750,0.17098875,0.22758375,Flujo,36.65460783
9_0000000000000000021e,1,2459,Veracruz de Ignacio de la Llave,2013,Spot_2013,19 4 39.250,-97 6 42.109,19.077528,-97.111697,Caliza,Coscomatepec,0.3670644160,0.6557747130,0.817674220,-0.739321053,1358,0.02731500,0.02924000,0.05500750,0.03542750,0.37178000,0.07794250,0.17213000,Flujo,11.15839216
9_00000000000000000222,1,2743,Veracruz de Ignacio de la Llave,2013,Spot_2013,19 7 25.660,-97 11 50.982,19.123794,-97.197217,Andesita-Dacita,Calcahualco,0.2510276440,0.5018621090,0.736653507,-0.681645751,1094,0.03166000,0.03564750,0.05707000,0.05005750,0.32412250,0.11429750,0.20909000,Flujo,38.89407633
9_00000000000000000225,1,1414,Veracruz de Ignacio de la Llave,2013,Spot_2013,19 7 53.114,-97 0 59.217,19.131421,-97.016449,Caliza-Doloma,Huatusco,0.2537501160,0.5198302270,0.743067563,-0.682423711,2046,0.02716375,0.02830500,0.04982375,0.03856250,0.27661625,0.08341500,0.16093750,Flujo,5.386293115
9_00000000000000000226,1,1441,Veracruz de Ignacio de la Llave,2013,Spot_2013,19 7 52.982,-97 0 55.226,19.131384,-97.015341,Caliza-Doloma,Huatusco,0.1922961920,0.4770856200,0.719210923,-0.653250694,2046,0.02987250,0.03051875,0.06067250,0.04721125,0.29358375,0.10272000,0.19523000,Flujo,33.09475889
9_00000000000000000228,1,1416,Veracruz de Ignacio de la Llave,2013,Spot_2013,19 8 44.704,-97 0 29.627,19.14639,-97.008241,Caliza-Doloma,Huatusco,0.1753504870,0.4469599430,0.714593589,-0.679948032,1984,0.03597750,0.03534500,0.06526500,0.05330250,0.32021750,0.12510500,0.21585500,Flujo,16.66417932
9_0000000000000000022b,1,1865,Veracruz de Ignacio de la Llave,2013,Spot_2013,19 9 6.088,-97 4 17.287,19.151737,-97.069802,Toba andestica,Calcahualco,0.3715474010,0.6639516950,0.857301652,-0.754879951,2024,0.02367125,0.02037125,0.03590875,0.02002750,0.28866125,0.05151500,0.12392250,Flujo,38.92145125
9_0000000000000000022c,1,2238,Veracruz de Ignacio de la Llave,2013,Spot_2013,19 9 20.886,-97 10 48.516,19.155802,-97.180143,Andesita-Dacita,Calcahualco,0.3031345310,0.6097864510,0.843801975,-0.751879334,1356,0.02548625,0.02473000,0.04490125,0.02543125,0.31585875,0.07128750,0.15641375,Flujo,25.20612206
9_0000000000000000038d,1,1808,Veracruz de Ignacio de la Llave,2013,Google Earth_2013,18 50 31.382,-97 15 5.030,18.842051,-97.251386,Lutita-Caliza,Maltrata,-0.0810817780,0.0836885350,0.232467726,-0.332081020,941,0.03702250,0.04677125,0.09506125,0.11169875,0.18387250,0.15399375,0.21613000,Flujo,24.03163766
9_0000000000000000038e,1,1955,Veracruz de Ignacio de la Llave,2013,Google Earth_2013,18 50 33.287,-97 14 46.256,18.842579,-97.246182,Lutita-Caliza,Maltrata,0.2354364840,0.5238231420,0.715180337,-0.676194429,970,0.02654500,0.02863500,0.05836250,0.05283500,0.29351500,0.09353500,0.19545000,Flujo,20.23693743
9_0000000000000000038f,1,1849,Veracruz de Ignacio de la Llave,2013,Google Earth_2013,18 50 41.188,-97 15 6.705,18.844774,-97.251862,Lutita-Caliza,Maltrata,0.0604120870,0.2747191790,0.465643138,-0.475671977,956,0.02998250,0.03221000,0.06303750,0.07021500,0.19050000,0.08883250,0.15403500,Flujo,21.8826713
9_00000000000000000390,1,2016,Veracruz de Ignacio de la Llave,2013,Google Earth_2013,18 50 43.890,-97 14 42.833,18.845525,-97.245231,Lutita-Caliza,Maltrata,0.1675377490,0.4744509160,0.677866697,-0.658419073,990,0.03190750,0.03372250,0.06416500,0.05473250,0.33152000,0.11842250,0.22812000,Flujo,18.19041076
9_00000000000000000391,1,2219,Veracruz de Ignacio de la Llave,2013,Google Earth_2013,18 52 23.580,-97 15 49.102,18.873217,-97.263628,Lahar,Maltrata,0.0159738380,0.2040641460,0.486253232,-0.501103282,773,0.02182875,0.02833250,0.05734500,0.05759250,0.17248750,0.11036500,0.16416875,Flujo,13.08152504
9_0000000000000000039e,1,1722,Veracruz de Ignacio de la Llave,2013,Spot_2013,18 50 37.334,-97 11 31.982,18.843706,-97.192217,Caliza-Doloma,Nogales,0.2119724600,0.4540367130,0.716607153,-0.650902212,1170,0.02907500,0.02969375,0.04901250,0.03765500,0.21618500,0.07524750,0.13026125,Flujo,23.0115798
9_0000000000000000039f,1,2220,Veracruz de Ignacio de la Llave,2013,Spot_2013,18 52 19.423,-97 15 46.690,18.872062,-97.262969,Lahar,Maltrata,0.1917549670,0.4540932770,0.756408334,-0.681476355,803,0.01725000,0.02247500,0.04598750,0.04453000,0.18783250,0.07612750,0.15329250,Flujo,25.48502987
9_000000000000000003a0,1,2236,Veracruz de Ignacio de la Llave,2013,Spot_2013,18 52 28.876,-97 15 50.127,18.880243,-97.263924,Lahar,Maltrata,0.0764656360,0.2897015210,0.552580535,-0.547894895,773,0.01824000,0.02621500,0.05328875,0.05335750,0.18660875,0.10149625,0.15778875,Flujo,28.04853585
10_000000000000000003ad,1,2653,Puebla,2014,Spot_2014,18 59 52.634,-97 25 30.859,18.997954,-97.425233,Andesita-Dacita,Chalchicomula de Sesma,-0.0009640000,0.1309315560,0.343238741,-0.427889973,675,0.03548250,0.03936000,0.06138750,0.06169000,0.18376250,0.10923750,0.16275250,Deslizamiento,11.97195276
10_000000000000000003ae,1,2138,Puebla,2014,Spot_2014,19 13 42.124,-97 8 50.779,19.228368,-97.147439,Andesita-Dacita,Quimixtln,0.0974727570,0.2805260120,0.449538529,-0.481981128,1518,0.03592250,0.05077250,0.09048250,0.10030000,0.27726250,0.15612500,0.23136500,Deslizamiento,19.80028798
10_000000000000000003b1,1,1964,Puebla,2014,Spot_2014,19 15 1.501,-97 7 57.761,19.250417,-97.132684,Andesita-Dacita,Quimixtln,0.2595691980,0.5175240040,0.689253986,-0.670794010,1819,0.02774125,0.03183875,0.05964125,0.05649250,0.32465875,0.10247250,0.19729250,Deslizamiento,52.32030253
10_000000000000000003b2,1,1898,Puebla,2014,Spot_2014,19 13 14.246,-97 4 4.911,19.220682,-97.068031,Caliza-Doloma,Chichiquila,0.1776980010,0.4008180200,0.635789394,-0.596034110,2136,0.03006500,0.03045000,0.04785750,0.04706000,0.20821000,0.08096750,0.14551000,Deslizamiento,18.06249636
10_000000000000000003b3,1,2194,Puebla,2014,Spot_2014,19 13 31.479,-97 8 47.551,19.22547,-97.146531,Andesita-Dacita,Quimixtln,0.0916020270,0.3232713940,0.485918969,-0.518681049,1520,0.02217250,0.02874500,0.05074500,0.05473250,0.17221250,0.08635750,0.13327250,Deslizamiento,44.35801918
10_000000000000000003b4,1,2162,Puebla,2014,Spot_2014,19 13 37.866,-97 8 53.659,19.227018,-97.148239,Andesita-Dacita,Quimixtln,-0.1388678400,-0.0400354040,0.159399435,-0.248394087,1400,0.09570750,0.12697500,0.18744750,0.22493000,0.31238000,0.35104500,0.41817250,Deslizamiento,23.25913129
10_000000000000000003b5,1,2467,Puebla,2014,Spot_2014,19 15 17.212,-97 12 10.003,19.254781,-97.202779,Toba rioltica,Chilchotla,0.2596847410,0.5339477660,0.744119525,-0.707947433,861,0.01806125,0.02144375,0.04545125,0.03801250,0.25538625,0.08124250,0.15487375,Deslizamiento,46.80011666
10_000000000000000003b6,1,1932,Puebla,2014,Spot_2014,19 15 14.306,-97 4 48.425,19.253907,-97.077346,Caliza-Doloma,Quimixtln,-0.0275580180,0.1989433020,0.434549838,-0.458049238,2023,0.05679500,0.06840000,0.10332500,0.11330750,0.26783000,0.18717250,0.28501750,Deslizamiento,7.37761946
10_000000000000000003b8,1,2668,Puebla,2014,Spot_2014,19 11 12.264,-97 21 32.820,19.18674,-97.359122,Andesita-Dacita,Tlachichuca,0.0128967740,0.1356809590,0.116290383,-0.188709155,655,0.11757000,0.14824625,0.19855750,0.23474750,0.29372125,0.22612625,0.28391750,Deslizamiento,6.841580287
10_000000000000000003b9,1,2626,Puebla,2014,Spot_2014,19 11 25.558,-97 21 46.903,19.190433,-97.363029,Andesita-Dacita,Tlachichuca,0.0162470060,0.1157990400,0.125266120,-0.208343238,621,0.12555875,0.14915375,0.20350750,0.24585750,0.31167875,0.24946000,0.30773250,Deslizamiento,10.68099997
10_000000000000000003bb,1,2129,Puebla,2014,Spot_2014,19 11 5.355,-97 7 7.835,19.184821,-97.118843,Andesita-Dacita,Chichiquila,0.3099693060,0.5714429620,0.758240163,-0.719930053,1713,0.01287750,0.01760750,0.04145000,0.03674750,0.27382500,0.07467000,0.14193500,Deslizamiento,20.5004402
10_000000000000000003bc,1,2159,Puebla,2014,Spot_2014,19 11 8.042,-97 7 25.671,19.185673,-97.123798,Andesita-Dacita,Chichiquila,0.2456533910,0.4959121050,0.699689448,-0.671549618,1665,0.02152625,0.02772750,0.04996125,0.04825625,0.25535875,0.08579375,0.16085500,Deslizamiento,27.45820859
10_000000000000000003bd,1,2175,Puebla,2014,Spot_2014,19 11 8.396,-97 7 31.657,19.185799,-97.12546,Andesita-Dacita,Chichiquila,0.2674158810,0.5222745540,0.725990534,-0.706386387,1659,0.01202500,0.01854250,0.04983750,0.04604250,0.29480750,0.09251750,0.17372500,Deslizamiento,18.31118043
10_000000000000000003be,1,2079,Puebla,2014,Spot_2014,19 11 13.399,-97 6 59.392,19.187055,-97.1165,Andesita-Dacita,Chichiquila,0.3336336310,0.6025703550,0.765816867,-0.739127457,1791,0.01800625,0.02022000,0.04070750,0.03370875,0.30705875,0.07346000,0.15288000,Deslizamiento,30.14378593
10_000000000000000003c0,1,2350,Puebla,2014,Spot_2014,19 11 48.286,-97 8 31.040,19.196746,-97.141956,Toba andestica,Quimixtln,0.1534645710,0.4032236340,0.552245319,-0.571368814,1247,0.02598125,0.04046000,0.09158250,0.09530875,0.31038625,0.13479875,0.22447625,Deslizamiento,20.73098334
10_000000000000000003c1,1,2750,Puebla,2014,Spot_2014,19 12 30.122,-97 20 45.862,19.216701,-97.342462,Pumicita,Lafragua,0.0114086780,0.1494505550,0.111023448,-0.182601482,707,0.12715375,0.16619000,0.23003125,0.25391500,0.30853000,0.24009625,0.32527750,Deslizamiento,7.442506064
10_000000000000000003c3,1,3134,Puebla,2014,Spot_2014,19 12 39.025,-97 18 10.448,19.225015,-97.297358,Pumicita,Lafragua,0.0523729920,0.2525654730,0.452518493,-0.504460335,1309,0.03273250,0.04263250,0.06603500,0.07351500,0.20631250,0.11963250,0.18709000,Deslizamiento,14.83643512
10_000000000000000003c4,1,1720,Puebla,2014,Spot_2014,19 12 26.343,-97 4 8.387,19.212716,-97.068858,Caliza-Doloma,Chichiquila,0.2887408440,0.5161246060,0.758877456,-0.726716876,2215,0.01687875,0.02228250,0.04318250,0.03511125,0.27998500,0.07948250,0.15054250,Deslizamiento,4.190417806
10_000000000000000003c5,1,1779,Puebla,2014,Spot_2014,19 12 29.777,-97 4 8.072,19.216048,-97.068909,Caliza-Doloma,Chichiquila,0.1716609300,0.3998908700,0.596002221,-0.587580323,2215,0.03047750,0.03648625,0.07087500,0.06860625,0.26151875,0.11464125,0.18627875,Deslizamiento,20.50046287
10_000000000000000003c6,1,1774,Puebla,2014,Spot_2014,19 12 31.765,-97 4 12.105,19.217154,-97.069974,Caliza-Doloma,Chichiquila,0.1824225930,0.4272064860,0.574183226,-0.574826479,2202,0.02618750,0.03604625,0.07186500,0.07418875,0.26880625,0.11330750,0.19076125,Deslizamiento,15.25994903
10_000000000000000003c7,1,2099,Puebla,2014,Spot_2014,19 15 30.157,-97 4 33.344,19.258377,-97.075929,Caliza-Doloma,Quimixtln,0.0196020400,0.1538853200,0.249256894,-0.304109454,1940,0.05654750,0.07406500,0.11487500,0.12796500,0.22457250,0.15785750,0.20700000,Deslizamiento,5.627476911
10_000000000000000003c8,1,1480,Puebla,2014,Spot_2014,19 15 24.833,-97 0 39.295,19.256898,-97.010915,Caliza-Doloma,Chichiquila,0.2822919490,0.5287668110,0.760214388,-0.697211444,1977,0.02107250,0.02008250,0.03559250,0.02566500,0.19454250,0.05896750,0.12755250,Deslizamiento,27.39915645
10_000000000000000003ca,1,1775,Puebla,2014,Spot_2014,19 16 53.545,-97 8 3.608,19.281818,-97.134336,Andesita-Dacita,Quimixtln,0.0820005690,0.2786581220,0.501279533,-0.516179979,2252,0.04018500,0.05247750,0.08864000,0.09636750,0.27437500,0.16729000,0.24874500,Deslizamiento,20.77770395
10_000000000000000003cb,1,1687,Puebla,2014,Spot_2014,19 18 9.816,-97 5 26.847,19.302782,-97.090799,Caliza-Doloma,Quimixtln,0.0888893380,0.3192063870,0.553010106,-0.560491621,2225,0.03024375,0.03931875,0.06343625,0.06688750,0.22653875,0.11897250,0.18329500,Deslizamiento,26.12589335
10_000000000000000003cc,1,1621,Puebla,2014,Spot_2014,19 18 17.318,-97 5 24.976,19.304772,-97.089988,Caliza-Doloma,Quimixtln,0.1112738400,0.3219259380,0.553304017,-0.564221144,2300,0.04018500,0.05333000,0.08905250,0.09170625,0.31228375,0.16837625,0.26136750,Deslizamiento,23.58958118
10_000000000000000001f9,1,918,Veracruz de Ignacio de la Llave,2014,Google Earth_2014,19 5 21.565,-96 53 16.705,19.089323,-96.887974,Lutita-Caliza,Tepatlaxco,0.2870787080,0.5836524960,0.818763137,-0.701426446,1859,0.02467500,0.02453750,0.04222000,0.02530750,0.27962750,0.07351500,0.15326500,Deslizamiento,33.64816918
10_00000000000000000238,1,1576,Veracruz de Ignacio de la Llave,2014,Spot_2014,19 5 25.237,-96 57 46.515,19.090344,-96.962921,Caliza-Doloma,Huatusco,0.2053559270,0.4541583360,0.481207192,-0.541560590,2104,0.02884125,0.03152250,0.07226375,0.08111875,0.22993500,0.09205000,0.15354000,Deslizamiento,35.58561829
10_000000000000000002b8,1,1682,Veracruz de Ignacio de la Llave,2014,Google Earth_2014,18 57 34.745,-97 5 21.890,18.959651,-97.091636,Lutita-Caliza,Atzacan,0.2471256850,0.5412035580,0.774402022,-0.717221379,1750,0.02781000,0.02730125,0.04360875,0.03309000,0.25237500,0.07306125,0.14703625,Deslizamiento,35.77096045
10_000000000000000002b9,1,2554,Veracruz de Ignacio de la Llave,2014,Google Earth_2014,18 59 5.617,-97 11 15.031,18.984894,-97.187508,Lahar,La Perla,0.1681793180,0.3680602910,0.519896686,-0.558576286,1024,0.02976250,0.04805000,0.07948250,0.08325000,0.27434750,0.12491250,0.20284750,Deslizamiento,37.66210184
10_00000000000000000397,1,650,Veracruz de Ignacio de la Llave,2014,Google Earth_2014,18 50 53.400,-96 52 28.155,18.847611,-96.874488,Lahar,Amatln de los Reyes,0.0498164740,0.2331196220,0.348305762,-0.411379129,2318,0.06328500,0.07269000,0.11490250,0.12155750,0.25556500,0.15758250,0.23714000,Deslizamiento,19.54982607
10_00000000000000000398,1,2193,Veracruz de Ignacio de la Llave,2014,Google Earth_2014,18 51 56.021,-97 12 12.035,18.865561,-97.203343,Caliza-Doloma,Nogales,0.1627877950,0.3902539910,0.587361813,-0.573681176,1050,0.02570625,0.03304875,0.06842750,0.06426125,0.23708500,0.10966375,0.17750625,Deslizamiento,22.76013628
10_00000000000000000399,1,2468,Veracruz de Ignacio de la Llave,2014,Google Earth_2014,18 54 44.459,-97 13 2.693,18.912389,-97.217415,Lahar,Mariano Escobedo,0.0501019580,0.2332570850,0.345732331,-0.416391432,815,0.03892000,0.04836625,0.08199875,0.10514000,0.20656000,0.11994875,0.17202000,Deslizamiento,20.12640855
10_000000000000000003af,1,1492,Veracruz de Ignacio de la Llave,2014,Spot_2014,19 13 48.822,-96 59 53.496,19.229951,-96.998193,Toba andestica,Tlaltetela,0.2791055140,0.5132317540,0.725620151,-0.671563148,2010,0.01727750,0.02266750,0.04538250,0.03839750,0.23639750,0.07599000,0.14592250,Deslizamiento,21.49601958
10_000000000000000003b0,1,1500,Veracruz de Ignacio de la Llave,2014,Spot_2014,19 13 51.057,-96 59 52.419,19.230854,-96.997894,Toba andestica,Tlaltetela,0.2804548440,0.5331268310,0.685249805,-0.649873614,2026,0.01916125,0.02448250,0.05524125,0.04752750,0.25885125,0.07915250,0.14167375,Deslizamiento,26.34286225
10_000000000000000003b7,1,1399,Veracruz de Ignacio de la Llave,2014,Spot_2014,19 10 20.906,-96 57 51.687,19.172518,-96.964246,Toba andestica,Huatusco,0.0894065870,0.3182020780,0.509867430,-0.540146768,1957,0.02672375,0.03298000,0.06247375,0.06653000,0.21395750,0.12337250,0.17866125,Deslizamiento,29.50108064
10_000000000000000003ba,1,1939,Veracruz de Ignacio de la Llave,2014,Spot_2014,19 10 51.404,-97 2 20.123,19.181234,-97.033368,Caliza-Doloma,Huatusco,0.3100383580,0.6002307530,0.789331019,-0.738369823,2081,0.02093500,0.02354750,0.04686750,0.03867250,0.32846750,0.07992250,0.16580500,Deslizamiento,23.46912226
10_000000000000000003bf,1,1305,Veracruz de Ignacio de la Llave,2014,Spot_2014,19 11 14.778,-96 57 22.464,19.190922,-96.956234,Toba andestica,Totutla,0.3412862720,0.6107891200,0.805465400,-0.727563620,1960,0.02552750,0.02459250,0.04046000,0.02756250,0.26388375,0.06482500,0.14021625,Deslizamiento,14.62378906
10_000000000000000003c2,1,1336,Veracruz de Ignacio de la Llave,2014,Spot_2014,19 11 45.211,-96 57 10.704,19.197531,-96.953,Lahar,Totutla,0.1508567040,0.3794575040,0.475549996,-0.512037456,1959,0.03034000,0.03443750,0.07167250,0.07783250,0.20609250,0.09722000,0.15084500,Deslizamiento,4.802692255
10_000000000000000003c9,1,1302,Veracruz de Ignacio de la Llave,2014,Spot_2014,19 15 23.308,-96 58 17.869,19.256408,-96.971575,Toba andestica,Tlaltetela,0.2269349690,0.5227342250,0.754565060,-0.709427118,2009,0.01837750,0.02412500,0.04873750,0.03971750,0.28658500,0.09174750,0.18216750,Deslizamiento,11.39043479
10_000000000000000001f2,1,2951,Puebla,2014,Google Earth_2014,19 6 35.103,-97 21 17.446,19.109723,-97.354846,Andesita-Dacita,Tlachichuca,0.1651753630,0.3726478520,0.602692485,-0.621826470,973,0.02182875,0.02783750,0.04428250,0.04824250,0.19440500,0.09195375,0.14513875,Flujo,15.92982254
10_000000000000000001f6,1,3258,Puebla,2014,Google Earth_2014,19 8 39.840,-97 14 21.687,19.144289,-97.239358,Andesita-Dacita,Tlachichuca,0.0514034140,0.2258528320,0.366515785,-0.407576382,1547,0.04035000,0.05363250,0.08096750,0.09316375,0.17450875,0.13433125,0.17158000,Flujo,45.25910369
10_000000000000000001f7,1,3322,Puebla,2014,Google Earth_2014,19 8 45.142,-97 14 38.618,19.146988,-97.246838,Andesita-Dacita,Tlachichuca,-0.1491855230,-0.0327254530,0.326379836,-0.374738246,1436,0.04917750,0.06371125,0.08554625,0.10162000,0.17807000,0.20255875,0.25637625,Flujo,44.86905294
10_000000000000000003a5,1,2240,Puebla,2014,Spot_2014,19 15 5.038,-97 6 49.488,19.251399,-97.113747,Caliza,Quimixtln,0.1759993280,0.4286496340,0.657532215,-0.637390673,1243,0.02055000,0.02349250,0.04164250,0.03713250,0.19946500,0.07832750,0.13508750,Flujo,45.90151026
10_000000000000000003a6,1,2100,Puebla,2014,Spot_2014,19 10 50.334,-97 6 42.849,19.18065,-97.107736,Andesita-Dacita,Chichiquila,0.1738581510,0.3733384610,0.497927457,-0.505690396,1754,0.04288000,0.05385250,0.09224250,0.09848500,0.25969000,0.10775250,0.18106750,Flujo,32.10128854
10_000000000000000003aa,1,2566,Puebla,2014,Spot_2014,19 12 19.091,-97 10 24.437,19.205247,-97.173455,Andesita-Dacita,Chilchotla,0.2570703630,0.5177391770,0.698231101,-0.672942758,994,0.02739750,0.03149500,0.06118125,0.05544750,0.31308125,0.10379250,0.19572500,Flujo,26.8627196
10_000000000000000003ab,1,3111,Puebla,2014,Spot_2014,19 13 5.446,-97 18 11.489,19.21818,-97.303191,Pumicita,Lafragua,0.0734686260,0.2859591840,0.480735004,-0.501843154,1269,0.03255375,0.04266000,0.06835875,0.07351500,0.20095000,0.11407750,0.18150750,Flujo,33.79435346
10_000000000000000003ac,1,2302,Puebla,2014,Spot_2014,19 15 40.056,-97 6 52.672,19.261128,-97.114631,Caliza,Quimixtln,0.1394622770,0.3776116970,0.565168262,-0.553520322,1757,0.02229625,0.02589875,0.04377375,0.04169750,0.14416250,0.07736500,0.12824000,Flujo,64.72922529
10_000000000000000001eb,1,3208,Veracruz de Ignacio de la Llave,2014,Google Earth_2014,19 0 16.154,-97 12 51.902,19.004487,-97.214417,Andesita-Dacita,La Perla,-0.0521552790,0.0890156250,0.430293828,-0.489827067,1430,0.03841125,0.05152875,0.07711750,0.09011125,0.22623625,0.18846500,0.24805750,Flujo,51.54774677
10_000000000000000001ec,1,2122,Veracruz de Ignacio de la Llave,2014,Google Earth_2014,19 0 39.453,-97 8 55.823,19.010959,-97.148812,Caliza-Doloma,Coscomatepec,-0.0285757460,0.1452687680,0.445174724,-0.501062334,1523,0.05201000,0.05953125,0.08201250,0.09616125,0.29174125,0.21816500,0.29897375,Flujo,32.39629022
10_000000000000000001ed,1,3116,Veracruz de Ignacio de la Llave,2014,Google Earth_2014,19 1 21.701,-97 13 5.801,19.022695,-97.232167,Andesita-Dacita,La Perla,0.0797670330,0.3196115490,0.638653219,-0.617691994,1454,0.01890000,0.02313500,0.04953500,0.04541000,0.21791750,0.10921000,0.18051750,Flujo,27.93385618
10_000000000000000001ee,1,3344,Veracruz de Ignacio de la Llave,2014,Google Earth_2014,19 1 54.518,-97 13 3.001,19.026422,-97.217225,Andesita-Dacita,La Perla,0.1881973300,0.4034144580,0.583120286,-0.612099886,1692,0.00281250,0.01294625,0.03304875,0.03709125,0.13042625,0.06244625,0.10030000,Flujo,44.46541108
10_000000000000000001ef,1,4452,Veracruz de Ignacio de la Llave,2014,Google Earth_2014,19 3 11.622,-97 16 0.676,19.053129,-97.266854,Dacita-Andesita,Calcahualco,-0.0671007780,-0.0027461890,0.075072259,-0.190579087,2058,0.04728000,0.06903250,0.10468625,0.13760375,0.15810500,0.16113000,0.18098500,Flujo,25.09730106
10_000000000000000001f0,1,1979,Veracruz de Ignacio de la Llave,2014,Google Earth_2014,19 3 46.776,-97 7 27.315,19.06299,-97.124254,Caliza,Coscomatepec,0.0877318980,0.3038901980,0.636171877,-0.592210114,1778,0.04123000,0.04024000,0.06972000,0.07071000,0.26464000,0.16146000,0.25504250,Flujo,48.17560693
10_000000000000000001f1,1,2885,Veracruz de Ignacio de la Llave,2014,Google Earth_2014,19 6 3.381,-97 11 52.986,19.100949,-97.198024,Andesita-Dacita,Alpatlhuac,0.1957735570,0.4734442530,0.701234281,-0.688126385,1198,0.01186000,0.01848750,0.04096875,0.04304500,0.20502000,0.06857875,0.12236875,Flujo,30.92972299
10_000000000000000001f3,1,1462,Veracruz de Ignacio de la Llave,2014,Google Earth_2014,19 6 27.426,-97 2 19.813,19.111815,-97.038837,Andesita-Dacita,Coscomatepec,0.2588388620,0.5413199660,0.724689245,-0.655212224,1964,0.02214500,0.02554125,0.04833875,0.03874125,0.21993875,0.07652625,0.13519750,Flujo,54.5307072
10_000000000000000001f4,1,1468,Veracruz de Ignacio de la Llave,2014,Google Earth_2014,19 6 30.385,-97 2 23.597,19.108432,-97.043221,Andesita-Dacita,Coscomatepec,0.3022655250,0.5444241170,0.733161688,-0.650245070,1994,0.03135750,0.03130250,0.05443000,0.04487375,0.23191500,0.09309500,0.17398625,Flujo,54.53076216
10_000000000000000001f5,1,1509,Veracruz de Ignacio de la Llave,2014,Google Earth_2014,19 6 58.884,-97 3 39.724,19.116345,-97.060921,Andesita-Dacita,Calcahualco,0.3054099380,0.5829211470,0.786645293,-0.716144681,1936,0.02027500,0.02110000,0.04431000,0.02943250,0.26706000,0.07087500,0.14419000,Flujo,30.97966877
10_000000000000000001f8,1,2070,Veracruz de Ignacio de la Llave,2014,Google Earth_2014,19 9 11.697,-97 9 23.206,19.153299,-97.156446,Andesita-Dacita,Calcahualco,0.3319858310,0.6278469560,0.841314673,-0.758959889,1550,0.01653500,0.01980750,0.04312750,0.02935000,0.31471750,0.07577000,0.15871000,Flujo,40.1827745
10_00000000000000000236,1,970,Veracruz de Ignacio de la Llave,2014,Spot_2014,19 3 22.882,-96 56 14.910,19.05634,-96.937475,Lahar,Ixhuatln del Caf,0.4069185550,0.6931531430,0.872084379,-0.779699802,1995,0.02129250,0.01791000,0.03595000,0.01901000,0.30011500,0.05649250,0.13288750,Flujo,11.26621294
10_00000000000000000237,1,1160,Veracruz de Ignacio de la Llave,2014,Spot_2014,19 7 58.272,-96 56 59.806,19.13298,-96.949946,Lahar,Huatusco,0.3549492060,0.6426240800,0.811609864,-0.724010408,1954,0.01936750,0.02133375,0.04384250,0.03200375,0.26785750,0.06409625,0.13629750,Flujo,20.76176238
10_000000000000000002b7,1,2104,Veracruz de Ignacio de la Llave,2014,Google Earth_2014,18 49 56.720,-97 16 47.281,18.832422,-97.2798,Caliza-Lutita,Maltrata,0.0066501070,0.1812355070,0.404180050,-0.452275008,848,0.03875500,0.04668875,0.08293375,0.08793875,0.23632875,0.14791625,0.22697875,Flujo,22.44457094
10_00000000000000000395,1,2137,Veracruz de Ignacio de la Llave,2014,Google Earth_2014,18 52 1.558,-97 15 48.680,18.869805,-97.263272,Lahar,Maltrata,0.0232621690,0.2359565940,0.461273104,-0.521048546,855,0.01932625,0.02507375,0.05361875,0.06082375,0.18684250,0.10637750,0.16064875,Flujo,16.59083953
10_00000000000000000396,1,2188,Veracruz de Ignacio de la Llave,2014,Google Earth_2014,18 52 13.053,-97 15 46.785,18.870293,-97.263299,Lahar,Maltrata,0.0867904420,0.3041271570,0.504968405,-0.487205267,830,0.02460625,0.03115125,0.05561250,0.05432000,0.15707375,0.08865375,0.12958750,Flujo,14.6366313
10_000000000000000003a4,1,1272,Veracruz de Ignacio de la Llave,2014,Spot_2014,19 12 29.380,-96 55 24.807,19.213702,-96.923571,Lahar,Totutla,0.1463610080,0.3847808840,0.591333926,-0.583238304,1973,0.02635250,0.03166000,0.06570500,0.06427500,0.25028500,0.11273000,0.18637500,Flujo,17.86198843
10_000000000000000003a7,1,1300,Veracruz de Ignacio de la Llave,2014,Spot_2014,19 11 12.495,-96 57 16.114,19.186821,-96.944758,Lahar,Totutla,0.2717502120,0.5314149260,0.741742074,-0.687027574,1960,0.02583000,0.02794750,0.04967250,0.03951125,0.26461250,0.07355625,0.14738000,Flujo,24.52080612
10_000000000000000003a8,1,1595,Veracruz de Ignacio de la Llave,2014,Spot_2014,19 11 38.249,-97 2 53.328,19.195158,-97.048141,Caliza-Doloma,Huatusco,0.2760489280,0.5173667670,0.691597998,-0.657575309,2102,0.00985250,0.01667250,0.04466750,0.04098250,0.20356250,0.06983000,0.11828500,Flujo,3.477297386
10_000000000000000003a9,1,1620,Veracruz de Ignacio de la Llave,2014,Spot_2014,19 11 46.790,-97 2 59.021,19.196364,-97.049725,Caliza-Doloma,Huatusco,0.1989475790,0.4966196420,0.745505691,-0.691053510,2094,0.02137500,0.02654500,0.05553000,0.04684000,0.27984750,0.10805500,0.19803500,Flujo,49.22756686
13_00000000000000000033,1,3802,Puebla,2022,ESRI_Basemap_World_Imagery,19 5 40.726,-97 16 10.689,19.094635,-97.269636,Andesita-Dacita,Tlachichuca,-0.0977648200,0.0404079890,0.393780440,-0.459490746,1790,0.02796125,0.03989625,0.06474250,0.07762625,0.17252875,0.16081375,0.21016250,Flujo,30.84080578
13_00000000000000000034,1,3019,Puebla,2022,ESRI_Basemap_World_Imagery,19 8 17.547,-97 14 25.975,19.137912,-97.240549,Andesita-Dacita,Tlachichuca,0.1905287650,0.4418652060,0.680708647,-0.654929101,1318,0.01661750,0.02123750,0.03988250,0.03925000,0.20183000,0.08553250,0.14966250,Flujo,37.12256023
13_00000000000000000035,1,3559,Puebla,2022,ESRI_Basemap_World_Imagery,19 8 23.701,-97 15 30.668,19.14375,-97.258519,Andesita-Dacita,Tlachichuca,0.2759949560,0.5324518080,0.730550289,-0.679863811,1665,0.00740500,0.01307000,0.03410750,0.02904750,0.18065500,0.05676750,0.10291250,Flujo,39.0337659
13_00000000000000000037,1,3456,Puebla,2022,ESRI_Basemap_World_Imagery,19 9 18.155,-97 15 12.746,19.154765,-97.253541,Andesita-Dacita,Tlachichuca,0.2965254780,0.5573505160,0.749061048,-0.695175946,1604,0.01287750,0.01744250,0.03586750,0.02929500,0.19946500,0.05159750,0.10280250,Flujo,32.40564904
13_00000000000000000030,1,2918,Veracruz de Ignacio de la Llave,2022,ESRI_Basemap_World_Imagery,19 2 33.983,-97 11 5.149,19.044439,-97.184763,Andesita-Dacita,Coscomatepec,0.1566445980,0.3599267900,0.646748066,-0.631271303,1299,0.01667250,0.02176000,0.04414500,0.04095500,0.16176250,0.09821000,0.15235750,Flujo,31.53052394
13_00000000000000000031,1,2314,Veracruz de Ignacio de la Llave,2022,ESRI_Basemap_World_Imagery,19 3 50.227,-97 8 47.126,19.063963,-97.146424,Lahar,Alpatlhuac,0.2992393370,0.5849135520,0.836403012,-0.756671786,1223,0.01810250,0.01972500,0.03952500,0.02517000,0.26453000,0.07057250,0.14463000,Flujo,46.8962286
13_00000000000000000032,1,3032,Veracruz de Ignacio de la Llave,2022,ESRI_Basemap_World_Imagery,19 4 56.861,-97 10 51.285,19.082406,-97.180913,Andesita-Dacita,Alpatlhuac,0.2754598860,0.5655511020,0.785483956,-0.727340400,1328,0.01502250,0.01901000,0.03661000,0.02926750,0.23815750,0.06609000,0.13209000,Flujo,41.13498323
13_00000000000000000036,1,2180,Veracruz de Ignacio de la Llave,2022,ESRI_Basemap_World_Imagery,19 8 52.555,-97 10 10.271,19.147932,-97.16952,Andesita-Dacita,Calcahualco,0.3091726010,0.6216086150,0.834367812,-0.753524244,1486,0.01723625,0.01942250,0.04219250,0.02717750,0.29593500,0.07038000,0.14816375,Flujo,24.34630527
